{
  "type": "FeatureCollection",
  "name": "Maio Offroad 4×4 Suzuki 2026",
  "features": [
    {
      "type": "Feature",
      "properties": {
        "id": "maio-offroad-2026-1-1",
        "name": "Maio Offroad — Percurso 4×4 Suzuki",
        "name_pt": "Maio Offroad — Percurso 4×4 Suzuki",
        "name_en": "Maio Offroad — Suzuki 4×4 Route",
        "category": "offroad",
        "vehicle": "4x4",
        "year": 2026,
        "source": "QField field survey",
        "distance_km_total": 112.3
      },
      "geometry": {
        "type": "LineString",
        "coordinates": [
          [
            -23.212808,
            15.139662
          ],
          [
            -23.212722,
            15.142224
          ],
          [
            -23.212685,
            15.145911
          ],
          [
            -23.212659,
            15.146779
          ],
          [
            -23.212588,
            15.146857
          ],
          [
            -23.212573,
            15.146944
          ],
          [
            -23.212643,
            15.147009
          ],
          [
            -23.212811,
            15.146987
          ],
          [
            -23.212994,
            15.146938
          ],
          [
            -23.213162,
            15.146847
          ],
          [
            -23.213535,
            15.146868
          ],
          [
            -23.21405,
            15.146945
          ],
          [
            -23.214242,
            15.14714
          ],
          [
            -23.214633,
            15.147978
          ],
          [
            -23.215595,
            15.150012
          ],
          [
            -23.216833,
            15.152667
          ],
          [
            -23.217705,
            15.154551
          ],
          [
            -23.21783,
            15.15486
          ],
          [
            -23.218009,
            15.156156
          ],
          [
            -23.218234,
            15.157715
          ],
          [
            -23.218232,
            15.157927
          ],
          [
            -23.218448,
            15.159431
          ],
          [
            -23.219749,
            15.162526
          ],
          [
            -23.220208,
            15.163627
          ],
          [
            -23.220634,
            15.16487
          ],
          [
            -23.221045,
            15.166127
          ],
          [
            -23.221189,
            15.166546
          ],
          [
            -23.221246,
            15.167137
          ],
          [
            -23.221529,
            15.170047
          ],
          [
            -23.2224,
            15.172469
          ],
          [
            -23.222795,
            15.173567
          ],
          [
            -23.222897,
            15.17389
          ],
          [
            -23.222885,
            15.17422
          ],
          [
            -23.222808,
            15.174449
          ],
          [
            -23.222711,
            15.174775
          ],
          [
            -23.222667,
            15.174958
          ],
          [
            -23.222664,
            15.17527
          ],
          [
            -23.222727,
            15.176342
          ],
          [
            -23.222783,
            15.177091
          ],
          [
            -23.22281,
            15.177317
          ],
          [
            -23.22278,
            15.177524
          ],
          [
            -23.222556,
            15.178377
          ],
          [
            -23.222527,
            15.178459
          ],
          [
            -23.222352,
            15.178697
          ],
          [
            -23.221897,
            15.179188
          ],
          [
            -23.221335,
            15.179694
          ],
          [
            -23.221185,
            15.179877
          ],
          [
            -23.221064,
            15.18014
          ],
          [
            -23.220425,
            15.181373
          ],
          [
            -23.218916,
            15.184319
          ],
          [
            -23.218789,
            15.18461
          ],
          [
            -23.218436,
            15.185664
          ],
          [
            -23.218381,
            15.186038
          ],
          [
            -23.218438,
            15.187297
          ],
          [
            -23.218488,
            15.188795
          ],
          [
            -23.218427,
            15.18941
          ],
          [
            -23.21813,
            15.191099
          ],
          [
            -23.217675,
            15.193836
          ],
          [
            -23.217528,
            15.194505
          ],
          [
            -23.217417,
            15.19473
          ],
          [
            -23.216953,
            15.195461
          ],
          [
            -23.215326,
            15.197977
          ],
          [
            -23.214728,
            15.198869
          ],
          [
            -23.213422,
            15.200956
          ],
          [
            -23.21279,
            15.201907
          ],
          [
            -23.212675,
            15.202163
          ],
          [
            -23.212384,
            15.203075
          ],
          [
            -23.212171,
            15.203673
          ],
          [
            -23.211973,
            15.204283
          ],
          [
            -23.211726,
            15.205002
          ],
          [
            -23.211377,
            15.206178
          ],
          [
            -23.211052,
            15.207135
          ],
          [
            -23.21073,
            15.208162
          ],
          [
            -23.210468,
            15.208943
          ],
          [
            -23.210217,
            15.209631
          ],
          [
            -23.209965,
            15.210371
          ],
          [
            -23.209794,
            15.210993
          ],
          [
            -23.209625,
            15.211484
          ],
          [
            -23.209551,
            15.211883
          ],
          [
            -23.209488,
            15.213362
          ],
          [
            -23.209478,
            15.214127
          ],
          [
            -23.209308,
            15.214523
          ],
          [
            -23.208627,
            15.215823
          ],
          [
            -23.207472,
            15.218112
          ],
          [
            -23.207218,
            15.218678
          ],
          [
            -23.207026,
            15.219256
          ],
          [
            -23.206792,
            15.219819
          ],
          [
            -23.206679,
            15.220093
          ],
          [
            -23.206447,
            15.220704
          ],
          [
            -23.206214,
            15.221348
          ],
          [
            -23.206122,
            15.222238
          ],
          [
            -23.206026,
            15.223028
          ],
          [
            -23.206006,
            15.223471
          ],
          [
            -23.205936,
            15.224042
          ],
          [
            -23.205878,
            15.224772
          ],
          [
            -23.205843,
            15.225114
          ],
          [
            -23.205744,
            15.225925
          ],
          [
            -23.205676,
            15.22655
          ],
          [
            -23.205663,
            15.226972
          ],
          [
            -23.20576,
            15.227271
          ],
          [
            -23.205934,
            15.227406
          ],
          [
            -23.206114,
            15.227451
          ],
          [
            -23.206769,
            15.227579
          ],
          [
            -23.208205,
            15.227883
          ],
          [
            -23.208711,
            15.228015
          ],
          [
            -23.209046,
            15.228173
          ],
          [
            -23.209692,
            15.228529
          ],
          [
            -23.210079,
            15.228735
          ],
          [
            -23.210827,
            15.228972
          ],
          [
            -23.210974,
            15.229084
          ],
          [
            -23.211092,
            15.229442
          ],
          [
            -23.211105,
            15.230883
          ],
          [
            -23.211129,
            15.232144
          ],
          [
            -23.211222,
            15.233557
          ],
          [
            -23.211315,
            15.234447
          ],
          [
            -23.211349,
            15.235508
          ],
          [
            -23.211403,
            15.236503
          ],
          [
            -23.211437,
            15.237686
          ],
          [
            -23.211578,
            15.239026
          ],
          [
            -23.211631,
            15.23934
          ],
          [
            -23.211653,
            15.239625
          ],
          [
            -23.211482,
            15.240372
          ],
          [
            -23.211234,
            15.241174
          ],
          [
            -23.21085,
            15.242583
          ],
          [
            -23.2107,
            15.243042
          ],
          [
            -23.210634,
            15.24332
          ],
          [
            -23.210374,
            15.244256
          ],
          [
            -23.209188,
            15.248614
          ],
          [
            -23.208469,
            15.251089
          ],
          [
            -23.207926,
            15.252831
          ],
          [
            -23.207349,
            15.254149
          ],
          [
            -23.206749,
            15.255927
          ],
          [
            -23.206224,
            15.257743
          ],
          [
            -23.205875,
            15.258797
          ],
          [
            -23.205652,
            15.259613
          ],
          [
            -23.205335,
            15.26149
          ],
          [
            -23.205153,
            15.262918
          ],
          [
            -23.204946,
            15.264019
          ],
          [
            -23.204818,
            15.264789
          ],
          [
            -23.204589,
            15.265476
          ],
          [
            -23.204445,
            15.265827
          ],
          [
            -23.204359,
            15.265854
          ],
          [
            -23.204227,
            15.265862
          ],
          [
            -23.204104,
            15.265811
          ],
          [
            -23.203817,
            15.265621
          ],
          [
            -23.203375,
            15.265314
          ],
          [
            -23.20297,
            15.264954
          ],
          [
            -23.202551,
            15.264565
          ],
          [
            -23.202363,
            15.264391
          ],
          [
            -23.202254,
            15.264307
          ],
          [
            -23.202151,
            15.264247
          ],
          [
            -23.20184,
            15.264111
          ],
          [
            -23.201387,
            15.263943
          ],
          [
            -23.201183,
            15.263868
          ],
          [
            -23.200801,
            15.263723
          ],
          [
            -23.200508,
            15.263643
          ],
          [
            -23.200362,
            15.263609
          ],
          [
            -23.200106,
            15.263635
          ],
          [
            -23.199641,
            15.263815
          ],
          [
            -23.198495,
            15.264207
          ],
          [
            -23.197603,
            15.264508
          ],
          [
            -23.196786,
            15.264815
          ],
          [
            -23.19612,
            15.264918
          ],
          [
            -23.195616,
            15.264986
          ],
          [
            -23.195303,
            15.265034
          ],
          [
            -23.194961,
            15.265128
          ],
          [
            -23.194259,
            15.265367
          ],
          [
            -23.192793,
            15.265903
          ],
          [
            -23.192277,
            15.266037
          ],
          [
            -23.191508,
            15.266252
          ],
          [
            -23.190621,
            15.266485
          ],
          [
            -23.189398,
            15.266816
          ],
          [
            -23.18863,
            15.267013
          ],
          [
            -23.188312,
            15.267125
          ],
          [
            -23.187654,
            15.267415
          ],
          [
            -23.186557,
            15.267926
          ],
          [
            -23.186206,
            15.26802
          ],
          [
            -23.184564,
            15.268408
          ],
          [
            -23.183659,
            15.268617
          ],
          [
            -23.183413,
            15.26862
          ],
          [
            -23.182029,
            15.268665
          ],
          [
            -23.181646,
            15.268685
          ],
          [
            -23.181126,
            15.268695
          ],
          [
            -23.180549,
            15.268721
          ],
          [
            -23.180227,
            15.268765
          ],
          [
            -23.178649,
            15.269144
          ],
          [
            -23.177936,
            15.269289
          ],
          [
            -23.17655,
            15.269325
          ],
          [
            -23.176056,
            15.269395
          ],
          [
            -23.175305,
            15.269748
          ],
          [
            -23.17454,
            15.270091
          ],
          [
            -23.174132,
            15.269679
          ],
          [
            -23.172587,
            15.268078
          ],
          [
            -23.171469,
            15.266887
          ],
          [
            -23.170407,
            15.265778
          ],
          [
            -23.170021,
            15.26536
          ],
          [
            -23.169633,
            15.264668
          ],
          [
            -23.169274,
            15.264035
          ],
          [
            -23.168998,
            15.263574
          ],
          [
            -23.168759,
            15.263292
          ],
          [
            -23.167942,
            15.262319
          ],
          [
            -23.167477,
            15.261833
          ],
          [
            -23.167167,
            15.261556
          ],
          [
            -23.166936,
            15.261412
          ],
          [
            -23.166459,
            15.261095
          ],
          [
            -23.163508,
            15.259695
          ],
          [
            -23.161961,
            15.258995
          ],
          [
            -23.160924,
            15.258519
          ],
          [
            -23.158865,
            15.257511
          ],
          [
            -23.158008,
            15.257008
          ],
          [
            -23.157472,
            15.256619
          ],
          [
            -23.156125,
            15.255791
          ],
          [
            -23.155004,
            15.255085
          ],
          [
            -23.154137,
            15.254623
          ],
          [
            -23.15293,
            15.253994
          ],
          [
            -23.1517,
            15.253407
          ],
          [
            -23.149855,
            15.252584
          ],
          [
            -23.146552,
            15.251365
          ],
          [
            -23.144515,
            15.250615
          ],
          [
            -23.141919,
            15.249675
          ],
          [
            -23.140522,
            15.24915
          ],
          [
            -23.139168,
            15.248653
          ],
          [
            -23.138046,
            15.248227
          ],
          [
            -23.135619,
            15.247341
          ],
          [
            -23.134284,
            15.246862
          ],
          [
            -23.132527,
            15.246207
          ],
          [
            -23.131653,
            15.245884
          ],
          [
            -23.131421,
            15.245836
          ],
          [
            -23.131137,
            15.24582
          ],
          [
            -23.13092,
            15.245837
          ],
          [
            -23.130597,
            15.245903
          ],
          [
            -23.129905,
            15.246077
          ],
          [
            -23.129654,
            15.246108
          ],
          [
            -23.12921,
            15.2461
          ],
          [
            -23.128787,
            15.246101
          ],
          [
            -23.128488,
            15.246149
          ],
          [
            -23.126876,
            15.246647
          ],
          [
            -23.126122,
            15.246807
          ],
          [
            -23.125511,
            15.246885
          ],
          [
            -23.124365,
            15.247058
          ],
          [
            -23.123744,
            15.247155
          ],
          [
            -23.123218,
            15.247238
          ],
          [
            -23.122829,
            15.247368
          ],
          [
            -23.122117,
            15.247749
          ],
          [
            -23.121813,
            15.247843
          ],
          [
            -23.121613,
            15.247809
          ],
          [
            -23.121387,
            15.247688
          ],
          [
            -23.120896,
            15.246954
          ],
          [
            -23.120741,
            15.246806
          ],
          [
            -23.120609,
            15.246709
          ],
          [
            -23.120501,
            15.246671
          ],
          [
            -23.12025,
            15.24666
          ],
          [
            -23.119738,
            15.246785
          ],
          [
            -23.119572,
            15.246825
          ],
          [
            -23.119269,
            15.246902
          ],
          [
            -23.118912,
            15.247004
          ],
          [
            -23.118383,
            15.24715
          ],
          [
            -23.117671,
            15.247317
          ],
          [
            -23.117348,
            15.247438
          ],
          [
            -23.117025,
            15.247566
          ],
          [
            -23.116823,
            15.247629
          ],
          [
            -23.116646,
            15.247667
          ],
          [
            -23.116323,
            15.24771
          ],
          [
            -23.115826,
            15.24772
          ],
          [
            -23.115542,
            15.247729
          ],
          [
            -23.1154,
            15.247754
          ],
          [
            -23.11535,
            15.24771
          ],
          [
            -23.115349,
            15.247625
          ],
          [
            -23.115353,
            15.247374
          ],
          [
            -23.115351,
            15.247276
          ],
          [
            -23.11527,
            15.247068
          ],
          [
            -23.115202,
            15.246924
          ],
          [
            -23.115137,
            15.246859
          ],
          [
            -23.115043,
            15.246778
          ],
          [
            -23.11481,
            15.246648
          ],
          [
            -23.114639,
            15.246545
          ],
          [
            -23.11442,
            15.246408
          ],
          [
            -23.114428,
            15.246309
          ],
          [
            -23.114544,
            15.2458
          ],
          [
            -23.114573,
            15.245637
          ],
          [
            -23.114664,
            15.245185
          ],
          [
            -23.114719,
            15.244869
          ],
          [
            -23.114854,
            15.244557
          ],
          [
            -23.115124,
            15.243904
          ],
          [
            -23.11551,
            15.243024
          ],
          [
            -23.115606,
            15.242772
          ],
          [
            -23.115622,
            15.242602
          ],
          [
            -23.115357,
            15.241998
          ],
          [
            -23.11505,
            15.241322
          ],
          [
            -23.11478,
            15.240728
          ],
          [
            -23.114594,
            15.240324
          ],
          [
            -23.114482,
            15.240212
          ],
          [
            -23.113739,
            15.239543
          ],
          [
            -23.113203,
            15.239061
          ],
          [
            -23.112658,
            15.238566
          ],
          [
            -23.112353,
            15.23827
          ],
          [
            -23.112328,
            15.238164
          ],
          [
            -23.112341,
            15.238066
          ],
          [
            -23.112431,
            15.237705
          ],
          [
            -23.112533,
            15.23727
          ],
          [
            -23.112622,
            15.236885
          ],
          [
            -23.112823,
            15.235961
          ],
          [
            -23.112945,
            15.235453
          ],
          [
            -23.112958,
            15.235315
          ],
          [
            -23.112943,
            15.235189
          ],
          [
            -23.112904,
            15.235064
          ],
          [
            -23.112555,
            15.234631
          ],
          [
            -23.112213,
            15.234179
          ],
          [
            -23.112122,
            15.234038
          ],
          [
            -23.112016,
            15.233891
          ],
          [
            -23.111776,
            15.233512
          ],
          [
            -23.11158,
            15.233179
          ],
          [
            -23.111407,
            15.232852
          ],
          [
            -23.11111,
            15.232115
          ],
          [
            -23.110714,
            15.231324
          ],
          [
            -23.110406,
            15.230743
          ],
          [
            -23.110028,
            15.230167
          ],
          [
            -23.1095,
            15.229432
          ],
          [
            -23.109366,
            15.229149
          ],
          [
            -23.109194,
            15.228772
          ],
          [
            -23.109075,
            15.228458
          ],
          [
            -23.108957,
            15.228139
          ],
          [
            -23.108719,
            15.227713
          ],
          [
            -23.108205,
            15.226799
          ],
          [
            -23.107678,
            15.225897
          ],
          [
            -23.10729,
            15.225246
          ],
          [
            -23.106838,
            15.224555
          ],
          [
            -23.106436,
            15.223901
          ],
          [
            -23.106159,
            15.223401
          ],
          [
            -23.105804,
            15.222783
          ],
          [
            -23.105532,
            15.222308
          ],
          [
            -23.10506,
            15.221491
          ],
          [
            -23.104944,
            15.221274
          ],
          [
            -23.104796,
            15.220848
          ],
          [
            -23.104686,
            15.220402
          ],
          [
            -23.10459,
            15.21998
          ],
          [
            -23.104578,
            15.219668
          ],
          [
            -23.104623,
            15.219356
          ],
          [
            -23.104705,
            15.219168
          ],
          [
            -23.104807,
            15.21882
          ],
          [
            -23.104972,
            15.218384
          ],
          [
            -23.105108,
            15.217931
          ],
          [
            -23.105161,
            15.217728
          ],
          [
            -23.105221,
            15.217402
          ],
          [
            -23.105271,
            15.216512
          ],
          [
            -23.105287,
            15.216211
          ],
          [
            -23.105219,
            15.215824
          ],
          [
            -23.105138,
            15.215392
          ],
          [
            -23.105106,
            15.215199
          ],
          [
            -23.105093,
            15.215015
          ],
          [
            -23.105195,
            15.214745
          ],
          [
            -23.105387,
            15.21437
          ],
          [
            -23.10548,
            15.213994
          ],
          [
            -23.105551,
            15.213445
          ],
          [
            -23.105622,
            15.212814
          ],
          [
            -23.105673,
            15.212414
          ],
          [
            -23.105716,
            15.2123
          ],
          [
            -23.105788,
            15.212181
          ],
          [
            -23.106057,
            15.21195
          ],
          [
            -23.107113,
            15.211227
          ],
          [
            -23.107731,
            15.210796
          ],
          [
            -23.107989,
            15.210591
          ],
          [
            -23.108109,
            15.210293
          ],
          [
            -23.108347,
            15.209541
          ],
          [
            -23.108488,
            15.209064
          ],
          [
            -23.108531,
            15.208476
          ],
          [
            -23.108554,
            15.207874
          ],
          [
            -23.108569,
            15.207773
          ],
          [
            -23.108637,
            15.207586
          ],
          [
            -23.108757,
            15.207424
          ],
          [
            -23.108862,
            15.207333
          ],
          [
            -23.108964,
            15.207275
          ],
          [
            -23.109259,
            15.207182
          ],
          [
            -23.110044,
            15.206926
          ],
          [
            -23.110602,
            15.206705
          ],
          [
            -23.111004,
            15.206547
          ],
          [
            -23.111116,
            15.206477
          ],
          [
            -23.111271,
            15.206315
          ],
          [
            -23.111338,
            15.206191
          ],
          [
            -23.111381,
            15.20607
          ],
          [
            -23.111443,
            15.205457
          ],
          [
            -23.111517,
            15.204816
          ],
          [
            -23.111546,
            15.204715
          ],
          [
            -23.11157,
            15.204621
          ],
          [
            -23.111657,
            15.204379
          ],
          [
            -23.111931,
            15.20359
          ],
          [
            -23.112105,
            15.203109
          ],
          [
            -23.112168,
            15.202967
          ],
          [
            -23.112273,
            15.202816
          ],
          [
            -23.112521,
            15.202566
          ],
          [
            -23.112902,
            15.202233
          ],
          [
            -23.112971,
            15.202145
          ],
          [
            -23.113005,
            15.202054
          ],
          [
            -23.113056,
            15.20185
          ],
          [
            -23.11314,
            15.201403
          ],
          [
            -23.113222,
            15.201002
          ],
          [
            -23.113293,
            15.200624
          ],
          [
            -23.113404,
            15.200106
          ],
          [
            -23.113585,
            15.199689
          ],
          [
            -23.113741,
            15.199353
          ],
          [
            -23.113998,
            15.198813
          ],
          [
            -23.114169,
            15.198447
          ],
          [
            -23.114424,
            15.19791
          ],
          [
            -23.11494,
            15.196853
          ],
          [
            -23.115154,
            15.196401
          ],
          [
            -23.115214,
            15.196296
          ],
          [
            -23.115333,
            15.196186
          ],
          [
            -23.115663,
            15.196051
          ],
          [
            -23.116009,
            15.195921
          ],
          [
            -23.116682,
            15.195666
          ],
          [
            -23.117223,
            15.195478
          ],
          [
            -23.117508,
            15.195287
          ],
          [
            -23.117692,
            15.19505
          ],
          [
            -23.117793,
            15.194768
          ],
          [
            -23.117918,
            15.194483
          ],
          [
            -23.118039,
            15.194213
          ],
          [
            -23.118887,
            15.192791
          ],
          [
            -23.11987,
            15.191153
          ],
          [
            -23.120392,
            15.190307
          ],
          [
            -23.120559,
            15.190027
          ],
          [
            -23.120755,
            15.189772
          ],
          [
            -23.121932,
            15.188774
          ],
          [
            -23.122089,
            15.188596
          ],
          [
            -23.122176,
            15.188441
          ],
          [
            -23.12221,
            15.188239
          ],
          [
            -23.122176,
            15.187829
          ],
          [
            -23.122081,
            15.187213
          ],
          [
            -23.122064,
            15.186983
          ],
          [
            -23.122071,
            15.186772
          ],
          [
            -23.122143,
            15.186602
          ],
          [
            -23.122742,
            15.185568
          ],
          [
            -23.123039,
            15.185184
          ],
          [
            -23.12321,
            15.185038
          ],
          [
            -23.123599,
            15.184931
          ],
          [
            -23.125002,
            15.184583
          ],
          [
            -23.125279,
            15.184482
          ],
          [
            -23.125431,
            15.184355
          ],
          [
            -23.125517,
            15.184204
          ],
          [
            -23.125556,
            15.184117
          ],
          [
            -23.12572,
            15.183452
          ],
          [
            -23.125809,
            15.182984
          ],
          [
            -23.125895,
            15.182838
          ],
          [
            -23.126033,
            15.182658
          ],
          [
            -23.126466,
            15.182367
          ],
          [
            -23.127499,
            15.181713
          ],
          [
            -23.127623,
            15.181595
          ],
          [
            -23.127704,
            15.181503
          ],
          [
            -23.127804,
            15.181339
          ],
          [
            -23.128299,
            15.180373
          ],
          [
            -23.128573,
            15.179844
          ],
          [
            -23.129214,
            15.178884
          ],
          [
            -23.129516,
            15.178427
          ],
          [
            -23.129648,
            15.178134
          ],
          [
            -23.129852,
            15.17741
          ],
          [
            -23.130145,
            15.176907
          ],
          [
            -23.130624,
            15.176133
          ],
          [
            -23.130758,
            15.17584
          ],
          [
            -23.130976,
            15.175272
          ],
          [
            -23.13111,
            15.175089
          ],
          [
            -23.131286,
            15.174953
          ],
          [
            -23.131716,
            15.174672
          ],
          [
            -23.132294,
            15.174188
          ],
          [
            -23.132626,
            15.174018
          ],
          [
            -23.133212,
            15.173712
          ],
          [
            -23.133519,
            15.173452
          ],
          [
            -23.134048,
            15.172939
          ],
          [
            -23.134458,
            15.172446
          ],
          [
            -23.134744,
            15.172108
          ],
          [
            -23.134942,
            15.17185
          ],
          [
            -23.136441,
            15.170398
          ],
          [
            -23.137146,
            15.169723
          ],
          [
            -23.13794,
            15.168863
          ],
          [
            -23.138522,
            15.168196
          ],
          [
            -23.138693,
            15.167994
          ],
          [
            -23.138889,
            15.167615
          ],
          [
            -23.139106,
            15.167106
          ],
          [
            -23.139238,
            15.166607
          ],
          [
            -23.139336,
            15.166216
          ],
          [
            -23.139432,
            15.166005
          ],
          [
            -23.139714,
            15.165585
          ],
          [
            -23.139903,
            15.165058
          ],
          [
            -23.140104,
            15.164487
          ],
          [
            -23.14018,
            15.164359
          ],
          [
            -23.14061,
            15.163875
          ],
          [
            -23.141333,
            15.163159
          ],
          [
            -23.141985,
            15.162581
          ],
          [
            -23.142048,
            15.162472
          ],
          [
            -23.142115,
            15.162294
          ],
          [
            -23.142155,
            15.162069
          ],
          [
            -23.14227,
            15.161292
          ],
          [
            -23.142304,
            15.161109
          ],
          [
            -23.142567,
            15.160229
          ],
          [
            -23.142631,
            15.160091
          ],
          [
            -23.142737,
            15.159867
          ],
          [
            -23.142942,
            15.159574
          ],
          [
            -23.143176,
            15.159305
          ],
          [
            -23.1433,
            15.1592
          ],
          [
            -23.14339,
            15.159219
          ],
          [
            -23.143445,
            15.159344
          ],
          [
            -23.143537,
            15.159703
          ],
          [
            -23.143616,
            15.159883
          ],
          [
            -23.143832,
            15.160105
          ],
          [
            -23.144288,
            15.160512
          ],
          [
            -23.144551,
            15.160707
          ],
          [
            -23.144819,
            15.160868
          ],
          [
            -23.14501,
            15.160966
          ],
          [
            -23.145161,
            15.161004
          ],
          [
            -23.145503,
            15.161052
          ],
          [
            -23.145817,
            15.1611
          ],
          [
            -23.146153,
            15.161137
          ],
          [
            -23.146361,
            15.161185
          ],
          [
            -23.146663,
            15.161203
          ],
          [
            -23.146983,
            15.161192
          ],
          [
            -23.147467,
            15.161211
          ],
          [
            -23.148047,
            15.161115
          ],
          [
            -23.148539,
            15.160992
          ],
          [
            -23.149171,
            15.160829
          ],
          [
            -23.150167,
            15.160542
          ],
          [
            -23.150933,
            15.160325
          ],
          [
            -23.151285,
            15.160144
          ],
          [
            -23.151602,
            15.159946
          ],
          [
            -23.151882,
            15.159792
          ],
          [
            -23.151852,
            15.159687
          ],
          [
            -23.151792,
            15.159557
          ],
          [
            -23.151734,
            15.159429
          ],
          [
            -23.151729,
            15.15937
          ],
          [
            -23.151796,
            15.159304
          ],
          [
            -23.151905,
            15.159219
          ],
          [
            -23.152091,
            15.159134
          ],
          [
            -23.152218,
            15.159121
          ],
          [
            -23.152305,
            15.159163
          ],
          [
            -23.152418,
            15.159276
          ],
          [
            -23.152703,
            15.159669
          ],
          [
            -23.153089,
            15.160281
          ],
          [
            -23.153229,
            15.160505
          ],
          [
            -23.153307,
            15.160587
          ],
          [
            -23.153399,
            15.160634
          ],
          [
            -23.153654,
            15.160629
          ],
          [
            -23.15374,
            15.160627
          ],
          [
            -23.154668,
            15.160565
          ],
          [
            -23.155194,
            15.160418
          ],
          [
            -23.155771,
            15.160229
          ],
          [
            -23.155997,
            15.160155
          ],
          [
            -23.15653,
            15.160035
          ],
          [
            -23.157139,
            15.159881
          ],
          [
            -23.157684,
            15.159775
          ],
          [
            -23.158569,
            15.159549
          ],
          [
            -23.158843,
            15.159496
          ],
          [
            -23.158954,
            15.159476
          ],
          [
            -23.159168,
            15.15945
          ],
          [
            -23.160086,
            15.159409
          ],
          [
            -23.160782,
            15.159372
          ],
          [
            -23.160919,
            15.15938
          ],
          [
            -23.161338,
            15.159409
          ],
          [
            -23.161832,
            15.159456
          ],
          [
            -23.162263,
            15.159496
          ],
          [
            -23.162471,
            15.159502
          ],
          [
            -23.162575,
            15.159489
          ],
          [
            -23.162701,
            15.159467
          ],
          [
            -23.162876,
            15.159388
          ],
          [
            -23.163473,
            15.15908
          ],
          [
            -23.163682,
            15.158973
          ],
          [
            -23.164062,
            15.158781
          ],
          [
            -23.164318,
            15.158645
          ],
          [
            -23.164516,
            15.158545
          ],
          [
            -23.165428,
            15.158059
          ],
          [
            -23.166466,
            15.157535
          ],
          [
            -23.167278,
            15.157199
          ],
          [
            -23.167993,
            15.156888
          ],
          [
            -23.168814,
            15.156554
          ],
          [
            -23.169237,
            15.156375
          ],
          [
            -23.169453,
            15.156314
          ],
          [
            -23.169685,
            15.156311
          ],
          [
            -23.169959,
            15.156348
          ],
          [
            -23.171231,
            15.156497
          ],
          [
            -23.171751,
            15.156547
          ],
          [
            -23.171919,
            15.15655
          ],
          [
            -23.172281,
            15.156491
          ],
          [
            -23.17258,
            15.156429
          ],
          [
            -23.173611,
            15.156239
          ],
          [
            -23.174561,
            15.156028
          ],
          [
            -23.174699,
            15.155964
          ],
          [
            -23.174878,
            15.155852
          ],
          [
            -23.17535,
            15.155373
          ],
          [
            -23.176366,
            15.154342
          ],
          [
            -23.176724,
            15.153936
          ],
          [
            -23.17697,
            15.153379
          ],
          [
            -23.177278,
            15.152639
          ],
          [
            -23.177639,
            15.151833
          ],
          [
            -23.177644,
            15.151828
          ],
          [
            -23.177721,
            15.151693
          ],
          [
            -23.177878,
            15.151534
          ],
          [
            -23.178049,
            15.151434
          ],
          [
            -23.178215,
            15.151366
          ],
          [
            -23.178695,
            15.151347
          ],
          [
            -23.17973,
            15.151382
          ],
          [
            -23.180592,
            15.151388
          ],
          [
            -23.180843,
            15.151381
          ],
          [
            -23.181643,
            15.15123
          ],
          [
            -23.182387,
            15.151107
          ],
          [
            -23.182857,
            15.151014
          ],
          [
            -23.183954,
            15.151008
          ],
          [
            -23.185426,
            15.151051
          ],
          [
            -23.186443,
            15.151105
          ],
          [
            -23.187049,
            15.151127
          ],
          [
            -23.187234,
            15.15111
          ],
          [
            -23.187329,
            15.151093
          ],
          [
            -23.18749,
            15.151016
          ],
          [
            -23.187699,
            15.150856
          ],
          [
            -23.188456,
            15.150313
          ],
          [
            -23.188676,
            15.15015
          ],
          [
            -23.189026,
            15.149897
          ],
          [
            -23.189459,
            15.149558
          ],
          [
            -23.189806,
            15.149306
          ],
          [
            -23.190414,
            15.148837
          ],
          [
            -23.190704,
            15.148628
          ],
          [
            -23.191101,
            15.148339
          ],
          [
            -23.19135,
            15.148122
          ],
          [
            -23.191536,
            15.147938
          ],
          [
            -23.191765,
            15.147682
          ],
          [
            -23.192004,
            15.147426
          ],
          [
            -23.192343,
            15.147053
          ],
          [
            -23.19286,
            15.146499
          ],
          [
            -23.193103,
            15.146259
          ],
          [
            -23.19318,
            15.146129
          ],
          [
            -23.193287,
            15.14597
          ],
          [
            -23.193326,
            15.145818
          ],
          [
            -23.19337,
            15.145709
          ],
          [
            -23.193383,
            15.145548
          ],
          [
            -23.193393,
            15.145476
          ],
          [
            -23.193352,
            15.145198
          ],
          [
            -23.193315,
            15.144795
          ],
          [
            -23.19332,
            15.144702
          ],
          [
            -23.193357,
            15.144503
          ],
          [
            -23.193421,
            15.144218
          ],
          [
            -23.193585,
            15.14382
          ],
          [
            -23.193707,
            15.143665
          ],
          [
            -23.193868,
            15.143544
          ],
          [
            -23.193968,
            15.143494
          ],
          [
            -23.194566,
            15.143278
          ],
          [
            -23.194953,
            15.143122
          ],
          [
            -23.196408,
            15.142623
          ],
          [
            -23.198368,
            15.141905
          ],
          [
            -23.199379,
            15.14152
          ],
          [
            -23.200456,
            15.141129
          ],
          [
            -23.202162,
            15.140511
          ],
          [
            -23.204025,
            15.139825
          ],
          [
            -23.20535,
            15.13939
          ],
          [
            -23.207001,
            15.138939
          ],
          [
            -23.207414,
            15.138859
          ],
          [
            -23.208212,
            15.138631
          ],
          [
            -23.20873,
            15.138494
          ],
          [
            -23.209333,
            15.138336
          ],
          [
            -23.20947,
            15.138297
          ],
          [
            -23.209848,
            15.138239
          ],
          [
            -23.209915,
            15.138249
          ],
          [
            -23.209946,
            15.138313
          ],
          [
            -23.210016,
            15.13834
          ],
          [
            -23.210066,
            15.138335
          ],
          [
            -23.210466,
            15.138327
          ],
          [
            -23.210799,
            15.138321
          ],
          [
            -23.211019,
            15.138309
          ],
          [
            -23.211101,
            15.138305
          ],
          [
            -23.211175,
            15.1383
          ],
          [
            -23.211226,
            15.138255
          ],
          [
            -23.211242,
            15.138171
          ],
          [
            -23.211241,
            15.138106
          ],
          [
            -23.211224,
            15.138016
          ],
          [
            -23.211213,
            15.137863
          ],
          [
            -23.211221,
            15.137764
          ],
          [
            -23.211287,
            15.137696
          ],
          [
            -23.21137,
            15.137701
          ],
          [
            -23.211541,
            15.137672
          ],
          [
            -23.211769,
            15.137656
          ],
          [
            -23.212019,
            15.137662
          ],
          [
            -23.212589,
            15.137659
          ],
          [
            -23.212729,
            15.137672
          ],
          [
            -23.212734,
            15.138161
          ],
          [
            -23.212732,
            15.139099
          ],
          [
            -23.212736,
            15.139557
          ],
          [
            -23.212745,
            15.139606
          ],
          [
            -23.212782,
            15.139624
          ],
          [
            -23.212794,
            15.139638
          ],
          [
            -23.212808,
            15.139656
          ],
          [
            -23.212808,
            15.139663
          ],
          [
            -23.212807,
            15.139677
          ]
        ]
      }
    },
    {
      "type": "Feature",
      "properties": {
        "id": "maio-offroad-2026-2-1",
        "name": "Maio Offroad — Percurso 4×4 Suzuki",
        "name_pt": "Maio Offroad — Percurso 4×4 Suzuki",
        "name_en": "Maio Offroad — Suzuki 4×4 Route",
        "category": "offroad",
        "vehicle": "4x4",
        "year": 2026,
        "source": "QField field survey",
        "distance_km_total": 112.3
      },
      "geometry": {
        "type": "LineString",
        "coordinates": [
          [
            -23.217202,
            15.272018
          ],
          [
            -23.217145,
            15.272062
          ],
          [
            -23.217058,
            15.272119
          ],
          [
            -23.217007,
            15.272191
          ],
          [
            -23.216943,
            15.272352
          ],
          [
            -23.216875,
            15.272463
          ],
          [
            -23.216785,
            15.272719
          ],
          [
            -23.216699,
            15.272824
          ],
          [
            -23.216597,
            15.272922
          ],
          [
            -23.216525,
            15.273034
          ],
          [
            -23.216429,
            15.273158
          ],
          [
            -23.216363,
            15.273203
          ],
          [
            -23.216293,
            15.273301
          ],
          [
            -23.216248,
            15.273375
          ],
          [
            -23.2162,
            15.273413
          ],
          [
            -23.216165,
            15.273461
          ],
          [
            -23.216138,
            15.273484
          ],
          [
            -23.215962,
            15.273655
          ],
          [
            -23.215873,
            15.273748
          ],
          [
            -23.21579,
            15.273853
          ],
          [
            -23.215726,
            15.273903
          ],
          [
            -23.215593,
            15.274079
          ],
          [
            -23.215335,
            15.274445
          ],
          [
            -23.215135,
            15.274618
          ],
          [
            -23.214888,
            15.274768
          ],
          [
            -23.214712,
            15.274891
          ],
          [
            -23.214587,
            15.27498
          ],
          [
            -23.214506,
            15.275027
          ],
          [
            -23.214449,
            15.275052
          ],
          [
            -23.21434,
            15.275102
          ],
          [
            -23.214183,
            15.275195
          ],
          [
            -23.214082,
            15.275283
          ],
          [
            -23.214005,
            15.275362
          ],
          [
            -23.213895,
            15.275455
          ],
          [
            -23.213822,
            15.275548
          ],
          [
            -23.213587,
            15.275852
          ],
          [
            -23.213496,
            15.275953
          ],
          [
            -23.213358,
            15.276067
          ],
          [
            -23.213176,
            15.276327
          ],
          [
            -23.212986,
            15.276505
          ],
          [
            -23.212833,
            15.276701
          ],
          [
            -23.212723,
            15.276811
          ],
          [
            -23.21258,
            15.277073
          ],
          [
            -23.212505,
            15.277256
          ],
          [
            -23.212342,
            15.277513
          ],
          [
            -23.212232,
            15.277659
          ],
          [
            -23.212118,
            15.277791
          ],
          [
            -23.212064,
            15.277998
          ],
          [
            -23.211878,
            15.278212
          ],
          [
            -23.211688,
            15.278344
          ],
          [
            -23.211469,
            15.278508
          ],
          [
            -23.211274,
            15.278669
          ],
          [
            -23.21115,
            15.278815
          ],
          [
            -23.211014,
            15.27901
          ],
          [
            -23.210899,
            15.279197
          ],
          [
            -23.210808,
            15.279296
          ],
          [
            -23.210733,
            15.279352
          ],
          [
            -23.210582,
            15.279397
          ],
          [
            -23.210495,
            15.279409
          ],
          [
            -23.210426,
            15.279427
          ],
          [
            -23.210385,
            15.279436
          ],
          [
            -23.210332,
            15.27944
          ],
          [
            -23.210196,
            15.279485
          ],
          [
            -23.210145,
            15.279549
          ],
          [
            -23.210108,
            15.279676
          ],
          [
            -23.210096,
            15.279769
          ],
          [
            -23.210079,
            15.280027
          ],
          [
            -23.21005,
            15.280133
          ],
          [
            -23.209891,
            15.280417
          ],
          [
            -23.209604,
            15.28075
          ],
          [
            -23.209394,
            15.281047
          ],
          [
            -23.209088,
            15.281454
          ],
          [
            -23.20894,
            15.281706
          ],
          [
            -23.208758,
            15.282054
          ],
          [
            -23.208657,
            15.282297
          ],
          [
            -23.208513,
            15.282521
          ],
          [
            -23.208322,
            15.282813
          ],
          [
            -23.20802,
            15.283225
          ],
          [
            -23.207859,
            15.283495
          ],
          [
            -23.207749,
            15.283668
          ],
          [
            -23.207608,
            15.28387
          ],
          [
            -23.207466,
            15.284044
          ],
          [
            -23.207351,
            15.284181
          ],
          [
            -23.207237,
            15.284336
          ],
          [
            -23.207112,
            15.284483
          ],
          [
            -23.206993,
            15.284615
          ],
          [
            -23.206865,
            15.284729
          ],
          [
            -23.206755,
            15.284788
          ],
          [
            -23.206646,
            15.28486
          ],
          [
            -23.206522,
            15.284997
          ],
          [
            -23.206388,
            15.285198
          ],
          [
            -23.206183,
            15.285427
          ],
          [
            -23.206039,
            15.285669
          ],
          [
            -23.2059,
            15.285847
          ],
          [
            -23.205785,
            15.286062
          ],
          [
            -23.205679,
            15.286194
          ],
          [
            -23.20565,
            15.286265
          ],
          [
            -23.205609,
            15.28637
          ],
          [
            -23.205566,
            15.286483
          ],
          [
            -23.205473,
            15.286622
          ],
          [
            -23.20536,
            15.28675
          ],
          [
            -23.205289,
            15.286843
          ],
          [
            -23.204726,
            15.287515
          ],
          [
            -23.204287,
            15.288035
          ],
          [
            -23.204057,
            15.288355
          ],
          [
            -23.203895,
            15.288501
          ],
          [
            -23.203022,
            15.289223
          ],
          [
            -23.202714,
            15.289827
          ],
          [
            -23.202254,
            15.290613
          ],
          [
            -23.20183,
            15.291065
          ],
          [
            -23.20152,
            15.291366
          ],
          [
            -23.201187,
            15.291584
          ],
          [
            -23.200977,
            15.291776
          ],
          [
            -23.200771,
            15.291961
          ],
          [
            -23.200694,
            15.292098
          ],
          [
            -23.200637,
            15.292176
          ],
          [
            -23.200522,
            15.292281
          ],
          [
            -23.200351,
            15.292413
          ],
          [
            -23.200137,
            15.292599
          ],
          [
            -23.200065,
            15.292668
          ],
          [
            -23.199945,
            15.29286
          ],
          [
            -23.19985,
            15.293011
          ],
          [
            -23.199779,
            15.293246
          ],
          [
            -23.199553,
            15.29381
          ],
          [
            -23.199423,
            15.294007
          ],
          [
            -23.199279,
            15.294286
          ],
          [
            -23.199187,
            15.294579
          ],
          [
            -23.1991,
            15.294891
          ],
          [
            -23.198956,
            15.29511
          ],
          [
            -23.198869,
            15.295298
          ],
          [
            -23.198864,
            15.295395
          ],
          [
            -23.198791,
            15.295667
          ],
          [
            -23.198656,
            15.296015
          ],
          [
            -23.198605,
            15.296179
          ],
          [
            -23.198538,
            15.296321
          ],
          [
            -23.198475,
            15.296507
          ],
          [
            -23.198395,
            15.296676
          ],
          [
            -23.198259,
            15.296827
          ],
          [
            -23.198072,
            15.297079
          ],
          [
            -23.197939,
            15.297248
          ],
          [
            -23.197824,
            15.297415
          ],
          [
            -23.197704,
            15.297611
          ],
          [
            -23.197558,
            15.297848
          ],
          [
            -23.197489,
            15.297939
          ],
          [
            -23.197328,
            15.29812
          ],
          [
            -23.197233,
            15.298208
          ],
          [
            -23.197143,
            15.298341
          ],
          [
            -23.19708,
            15.298428
          ],
          [
            -23.196931,
            15.298707
          ],
          [
            -23.196806,
            15.298967
          ],
          [
            -23.196729,
            15.299169
          ],
          [
            -23.196647,
            15.299334
          ],
          [
            -23.196561,
            15.299494
          ],
          [
            -23.196384,
            15.299782
          ],
          [
            -23.196254,
            15.299967
          ],
          [
            -23.196172,
            15.300118
          ],
          [
            -23.195908,
            15.300562
          ],
          [
            -23.195769,
            15.300771
          ],
          [
            -23.195635,
            15.300968
          ],
          [
            -23.195489,
            15.301215
          ],
          [
            -23.195323,
            15.301463
          ],
          [
            -23.19523,
            15.301621
          ],
          [
            -23.195121,
            15.301882
          ],
          [
            -23.194876,
            15.302324
          ],
          [
            -23.194613,
            15.302683
          ],
          [
            -23.194285,
            15.302933
          ],
          [
            -23.194028,
            15.303102
          ],
          [
            -23.193667,
            15.30329
          ],
          [
            -23.193164,
            15.303623
          ],
          [
            -23.192729,
            15.303935
          ],
          [
            -23.192446,
            15.304061
          ],
          [
            -23.192298,
            15.304158
          ],
          [
            -23.19216,
            15.30424
          ],
          [
            -23.192053,
            15.304296
          ],
          [
            -23.191784,
            15.304485
          ],
          [
            -23.191432,
            15.304809
          ],
          [
            -23.191271,
            15.304981
          ],
          [
            -23.191174,
            15.305084
          ],
          [
            -23.191096,
            15.305149
          ],
          [
            -23.191033,
            15.305197
          ],
          [
            -23.190996,
            15.305223
          ],
          [
            -23.19095,
            15.305249
          ],
          [
            -23.190849,
            15.305288
          ],
          [
            -23.190736,
            15.30532
          ],
          [
            -23.190505,
            15.305376
          ],
          [
            -23.190429,
            15.305378
          ],
          [
            -23.190308,
            15.305427
          ],
          [
            -23.190026,
            15.305593
          ],
          [
            -23.189769,
            15.305742
          ],
          [
            -23.189628,
            15.305812
          ],
          [
            -23.189385,
            15.305895
          ],
          [
            -23.189219,
            15.305951
          ],
          [
            -23.189041,
            15.306019
          ],
          [
            -23.188956,
            15.306071
          ],
          [
            -23.1889,
            15.306116
          ],
          [
            -23.188745,
            15.306281
          ],
          [
            -23.188673,
            15.306379
          ],
          [
            -23.188458,
            15.306707
          ],
          [
            -23.188237,
            15.306943
          ],
          [
            -23.188077,
            15.307194
          ],
          [
            -23.187876,
            15.307542
          ],
          [
            -23.187747,
            15.307719
          ],
          [
            -23.187604,
            15.307853
          ],
          [
            -23.187347,
            15.308028
          ],
          [
            -23.187109,
            15.308192
          ],
          [
            -23.186888,
            15.30834
          ],
          [
            -23.18666,
            15.308489
          ],
          [
            -23.186515,
            15.30858
          ],
          [
            -23.186413,
            15.308683
          ],
          [
            -23.186295,
            15.308769
          ],
          [
            -23.186191,
            15.308821
          ],
          [
            -23.186042,
            15.308862
          ],
          [
            -23.185833,
            15.308922
          ],
          [
            -23.185684,
            15.308953
          ],
          [
            -23.185565,
            15.309028
          ],
          [
            -23.185486,
            15.309129
          ],
          [
            -23.185421,
            15.30928
          ],
          [
            -23.185401,
            15.309456
          ],
          [
            -23.18538,
            15.309606
          ],
          [
            -23.185349,
            15.309693
          ],
          [
            -23.185225,
            15.309888
          ],
          [
            -23.185107,
            15.310094
          ],
          [
            -23.18498,
            15.310373
          ],
          [
            -23.184836,
            15.310577
          ],
          [
            -23.184631,
            15.310771
          ],
          [
            -23.184342,
            15.311086
          ],
          [
            -23.183933,
            15.311558
          ],
          [
            -23.183639,
            15.311883
          ],
          [
            -23.18326,
            15.312316
          ],
          [
            -23.182948,
            15.312699
          ],
          [
            -23.182831,
            15.312847
          ],
          [
            -23.182606,
            15.313228
          ],
          [
            -23.18243,
            15.313643
          ],
          [
            -23.182318,
            15.313914
          ],
          [
            -23.182211,
            15.314067
          ],
          [
            -23.182105,
            15.314293
          ],
          [
            -23.181994,
            15.314561
          ],
          [
            -23.181868,
            15.314922
          ],
          [
            -23.181779,
            15.315096
          ],
          [
            -23.181427,
            15.315591
          ],
          [
            -23.18126,
            15.315801
          ],
          [
            -23.181186,
            15.315883
          ],
          [
            -23.181149,
            15.315979
          ],
          [
            -23.181331,
            15.316324
          ],
          [
            -23.181511,
            15.316603
          ],
          [
            -23.181656,
            15.316807
          ],
          [
            -23.181772,
            15.317138
          ],
          [
            -23.181854,
            15.31757
          ],
          [
            -23.181927,
            15.317902
          ],
          [
            -23.182095,
            15.318215
          ],
          [
            -23.18212,
            15.318682
          ],
          [
            -23.182217,
            15.319009
          ],
          [
            -23.182343,
            15.319244
          ],
          [
            -23.182563,
            15.319452
          ],
          [
            -23.182729,
            15.31958
          ],
          [
            -23.182808,
            15.319723
          ],
          [
            -23.182972,
            15.319958
          ],
          [
            -23.183137,
            15.320042
          ],
          [
            -23.183392,
            15.320168
          ],
          [
            -23.183662,
            15.320302
          ],
          [
            -23.184002,
            15.320451
          ],
          [
            -23.184219,
            15.320536
          ],
          [
            -23.184384,
            15.32062
          ],
          [
            -23.184473,
            15.320698
          ],
          [
            -23.184543,
            15.320841
          ],
          [
            -23.184599,
            15.321016
          ],
          [
            -23.184795,
            15.321316
          ],
          [
            -23.185192,
            15.321821
          ],
          [
            -23.185228,
            15.321896
          ],
          [
            -23.185256,
            15.321976
          ],
          [
            -23.185192,
            15.322248
          ],
          [
            -23.185176,
            15.322338
          ],
          [
            -23.185101,
            15.322575
          ],
          [
            -23.185026,
            15.322729
          ],
          [
            -23.184957,
            15.323058
          ],
          [
            -23.184907,
            15.323314
          ],
          [
            -23.184855,
            15.323655
          ],
          [
            -23.184792,
            15.324177
          ],
          [
            -23.184707,
            15.324388
          ],
          [
            -23.184622,
            15.324622
          ],
          [
            -23.184558,
            15.324832
          ],
          [
            -23.184478,
            15.32498
          ],
          [
            -23.184315,
            15.325276
          ],
          [
            -23.184246,
            15.325374
          ],
          [
            -23.184094,
            15.325536
          ],
          [
            -23.183974,
            15.325609
          ],
          [
            -23.183919,
            15.325628
          ],
          [
            -23.18387,
            15.325682
          ],
          [
            -23.183764,
            15.325775
          ],
          [
            -23.183645,
            15.325869
          ],
          [
            -23.183351,
            15.326116
          ],
          [
            -23.183227,
            15.326241
          ],
          [
            -23.18315,
            15.326328
          ],
          [
            -23.183038,
            15.326421
          ],
          [
            -23.182912,
            15.32654
          ],
          [
            -23.182814,
            15.326633
          ],
          [
            -23.182743,
            15.326727
          ],
          [
            -23.182623,
            15.326937
          ],
          [
            -23.182521,
            15.327159
          ],
          [
            -23.182431,
            15.327426
          ],
          [
            -23.182339,
            15.327655
          ],
          [
            -23.18226,
            15.327769
          ],
          [
            -23.182134,
            15.327909
          ],
          [
            -23.18204,
            15.328026
          ],
          [
            -23.182004,
            15.328065
          ],
          [
            -23.181968,
            15.328196
          ],
          [
            -23.181928,
            15.328313
          ],
          [
            -23.181864,
            15.328391
          ],
          [
            -23.181732,
            15.328518
          ],
          [
            -23.181669,
            15.32859
          ],
          [
            -23.181512,
            15.328798
          ],
          [
            -23.181377,
            15.328926
          ],
          [
            -23.181307,
            15.329013
          ],
          [
            -23.181269,
            15.329096
          ],
          [
            -23.181176,
            15.329557
          ],
          [
            -23.18113,
            15.329821
          ],
          [
            -23.181078,
            15.329965
          ],
          [
            -23.181019,
            15.330033
          ],
          [
            -23.180956,
            15.330064
          ],
          [
            -23.180898,
            15.330071
          ],
          [
            -23.180794,
            15.330083
          ],
          [
            -23.180721,
            15.330098
          ],
          [
            -23.180652,
            15.330114
          ],
          [
            -23.180566,
            15.330136
          ],
          [
            -23.180531,
            15.330138
          ],
          [
            -23.18048,
            15.33012
          ],
          [
            -23.180411,
            15.330092
          ],
          [
            -23.180339,
            15.330073
          ],
          [
            -23.180277,
            15.330074
          ],
          [
            -23.180209,
            15.330103
          ],
          [
            -23.180159,
            15.330148
          ],
          [
            -23.180117,
            15.330229
          ],
          [
            -23.180013,
            15.330391
          ],
          [
            -23.179874,
            15.330561
          ],
          [
            -23.179781,
            15.330699
          ],
          [
            -23.179757,
            15.330778
          ],
          [
            -23.179726,
            15.330922
          ],
          [
            -23.179714,
            15.33107
          ],
          [
            -23.179712,
            15.331143
          ],
          [
            -23.179682,
            15.331205
          ],
          [
            -23.179645,
            15.33127
          ],
          [
            -23.179641,
            15.331304
          ],
          [
            -23.179636,
            15.331412
          ],
          [
            -23.179671,
            15.331511
          ],
          [
            -23.179712,
            15.331679
          ],
          [
            -23.179719,
            15.33176
          ],
          [
            -23.179697,
            15.331938
          ],
          [
            -23.17966,
            15.332041
          ],
          [
            -23.1796,
            15.332157
          ],
          [
            -23.179538,
            15.332278
          ],
          [
            -23.179481,
            15.332512
          ],
          [
            -23.17945,
            15.332737
          ],
          [
            -23.179424,
            15.3328
          ],
          [
            -23.179329,
            15.332907
          ],
          [
            -23.179233,
            15.332992
          ],
          [
            -23.179145,
            15.333048
          ],
          [
            -23.179091,
            15.333049
          ],
          [
            -23.179008,
            15.333032
          ],
          [
            -23.17894,
            15.332986
          ],
          [
            -23.17891,
            15.332926
          ],
          [
            -23.178899,
            15.332756
          ],
          [
            -23.178896,
            15.332609
          ],
          [
            -23.178936,
            15.332316
          ],
          [
            -23.178912,
            15.332032
          ],
          [
            -23.17891,
            15.331933
          ],
          [
            -23.178871,
            15.331857
          ],
          [
            -23.178819,
            15.331804
          ],
          [
            -23.178781,
            15.331769
          ],
          [
            -23.178659,
            15.331638
          ],
          [
            -23.178584,
            15.331525
          ],
          [
            -23.17853,
            15.331426
          ],
          [
            -23.1785,
            15.331384
          ],
          [
            -23.178493,
            15.331345
          ],
          [
            -23.17851,
            15.33129
          ],
          [
            -23.178567,
            15.331235
          ],
          [
            -23.17867,
            15.331155
          ],
          [
            -23.178691,
            15.331116
          ],
          [
            -23.178702,
            15.331062
          ],
          [
            -23.178693,
            15.331
          ],
          [
            -23.178686,
            15.330946
          ],
          [
            -23.178671,
            15.330866
          ],
          [
            -23.178654,
            15.330757
          ],
          [
            -23.178651,
            15.330714
          ],
          [
            -23.178639,
            15.330678
          ],
          [
            -23.178614,
            15.330663
          ],
          [
            -23.178566,
            15.330615
          ],
          [
            -23.178533,
            15.330605
          ],
          [
            -23.1785,
            15.330591
          ],
          [
            -23.178415,
            15.33057
          ],
          [
            -23.178358,
            15.330563
          ],
          [
            -23.178302,
            15.330558
          ],
          [
            -23.178259,
            15.330543
          ],
          [
            -23.178226,
            15.330525
          ],
          [
            -23.178163,
            15.330472
          ],
          [
            -23.178153,
            15.330437
          ],
          [
            -23.178149,
            15.330407
          ],
          [
            -23.178168,
            15.330302
          ],
          [
            -23.178185,
            15.330249
          ],
          [
            -23.178207,
            15.330194
          ],
          [
            -23.178226,
            15.330149
          ],
          [
            -23.178243,
            15.330114
          ],
          [
            -23.178257,
            15.330068
          ],
          [
            -23.178296,
            15.329977
          ],
          [
            -23.178339,
            15.329897
          ],
          [
            -23.178378,
            15.329826
          ],
          [
            -23.178406,
            15.329771
          ],
          [
            -23.178435,
            15.329709
          ],
          [
            -23.178469,
            15.329636
          ],
          [
            -23.178552,
            15.329341
          ],
          [
            -23.178581,
            15.329231
          ],
          [
            -23.178586,
            15.32914
          ],
          [
            -23.178587,
            15.329085
          ],
          [
            -23.178587,
            15.329016
          ],
          [
            -23.178555,
            15.328937
          ],
          [
            -23.178532,
            15.328859
          ],
          [
            -23.178527,
            15.328827
          ],
          [
            -23.178561,
            15.328717
          ],
          [
            -23.1786,
            15.328653
          ],
          [
            -23.178638,
            15.328584
          ],
          [
            -23.178667,
            15.328529
          ],
          [
            -23.178677,
            15.328474
          ],
          [
            -23.178684,
            15.328173
          ],
          [
            -23.178661,
            15.328044
          ],
          [
            -23.178672,
            15.327888
          ],
          [
            -23.178696,
            15.327792
          ],
          [
            -23.17872,
            15.327705
          ],
          [
            -23.178745,
            15.327636
          ],
          [
            -23.178745,
            15.327554
          ],
          [
            -23.178756,
            15.327443
          ],
          [
            -23.178794,
            15.327306
          ],
          [
            -23.178805,
            15.327219
          ],
          [
            -23.178796,
            15.327136
          ],
          [
            -23.178759,
            15.327035
          ],
          [
            -23.178712,
            15.326929
          ],
          [
            -23.178713,
            15.326805
          ],
          [
            -23.178717,
            15.326624
          ],
          [
            -23.178788,
            15.32653
          ],
          [
            -23.178825,
            15.326457
          ],
          [
            -23.178839,
            15.326382
          ],
          [
            -23.178847,
            15.326299
          ],
          [
            -23.178836,
            15.326232
          ],
          [
            -23.178824,
            15.326161
          ],
          [
            -23.178825,
            15.32611
          ],
          [
            -23.178837,
            15.326053
          ],
          [
            -23.178866,
            15.325989
          ],
          [
            -23.178892,
            15.32595
          ],
          [
            -23.178928,
            15.325891
          ],
          [
            -23.178955,
            15.325852
          ],
          [
            -23.178994,
            15.325734
          ],
          [
            -23.178981,
            15.325656
          ],
          [
            -23.178953,
            15.325603
          ],
          [
            -23.178934,
            15.325529
          ],
          [
            -23.178911,
            15.325458
          ],
          [
            -23.17889,
            15.325382
          ],
          [
            -23.178867,
            15.325299
          ],
          [
            -23.178849,
            15.325234
          ],
          [
            -23.178842,
            15.325207
          ],
          [
            -23.178753,
            15.325088
          ],
          [
            -23.178612,
            15.324954
          ],
          [
            -23.178439,
            15.324796
          ],
          [
            -23.178274,
            15.324588
          ],
          [
            -23.178045,
            15.324206
          ],
          [
            -23.177849,
            15.323846
          ],
          [
            -23.17777,
            15.32369
          ],
          [
            -23.177676,
            15.323598
          ],
          [
            -23.177588,
            15.323441
          ],
          [
            -23.177622,
            15.323276
          ],
          [
            -23.177623,
            15.323115
          ],
          [
            -23.177581,
            15.323027
          ],
          [
            -23.177449,
            15.322958
          ],
          [
            -23.17735,
            15.32292
          ],
          [
            -23.177156,
            15.322834
          ],
          [
            -23.177057,
            15.322789
          ],
          [
            -23.176984,
            15.322736
          ],
          [
            -23.176934,
            15.32271
          ],
          [
            -23.176849,
            15.322705
          ],
          [
            -23.176731,
            15.322757
          ],
          [
            -23.176622,
            15.322775
          ],
          [
            -23.176508,
            15.322801
          ],
          [
            -23.176432,
            15.322808
          ],
          [
            -23.176359,
            15.322754
          ],
          [
            -23.176274,
            15.322676
          ],
          [
            -23.176112,
            15.322514
          ],
          [
            -23.175892,
            15.322336
          ],
          [
            -23.175571,
            15.322124
          ],
          [
            -23.175376,
            15.322002
          ],
          [
            -23.175258,
            15.321913
          ],
          [
            -23.174914,
            15.321715
          ],
          [
            -23.174782,
            15.321654
          ],
          [
            -23.174595,
            15.321545
          ],
          [
            -23.174376,
            15.321395
          ],
          [
            -23.174128,
            15.32123
          ],
          [
            -23.173961,
            15.321128
          ],
          [
            -23.173822,
            15.321056
          ],
          [
            -23.1736,
            15.32101
          ],
          [
            -23.173499,
            15.320966
          ],
          [
            -23.173404,
            15.32092
          ],
          [
            -23.173231,
            15.320852
          ],
          [
            -23.173125,
            15.320801
          ],
          [
            -23.173052,
            15.320748
          ],
          [
            -23.172934,
            15.320698
          ],
          [
            -23.17279,
            15.320668
          ],
          [
            -23.172623,
            15.320627
          ],
          [
            -23.172415,
            15.320578
          ],
          [
            -23.172341,
            15.320561
          ],
          [
            -23.172177,
            15.320512
          ],
          [
            -23.172031,
            15.320444
          ],
          [
            -23.171904,
            15.320393
          ],
          [
            -23.171823,
            15.320352
          ],
          [
            -23.171671,
            15.320278
          ],
          [
            -23.171455,
            15.320186
          ],
          [
            -23.171162,
            15.320037
          ],
          [
            -23.171092,
            15.320012
          ],
          [
            -23.17103,
            15.319992
          ],
          [
            -23.170959,
            15.319983
          ],
          [
            -23.170894,
            15.319975
          ],
          [
            -23.170789,
            15.319976
          ],
          [
            -23.170646,
            15.319948
          ],
          [
            -23.170379,
            15.31991
          ],
          [
            -23.170224,
            15.319892
          ],
          [
            -23.170159,
            15.319891
          ],
          [
            -23.170109,
            15.319895
          ],
          [
            -23.170054,
            15.319898
          ],
          [
            -23.169974,
            15.319914
          ],
          [
            -23.169892,
            15.319938
          ],
          [
            -23.169846,
            15.319948
          ],
          [
            -23.169682,
            15.319988
          ],
          [
            -23.169565,
            15.320021
          ],
          [
            -23.169495,
            15.320036
          ],
          [
            -23.169385,
            15.320014
          ],
          [
            -23.169317,
            15.319971
          ],
          [
            -23.169255,
            15.319926
          ],
          [
            -23.169174,
            15.319893
          ],
          [
            -23.169052,
            15.319861
          ],
          [
            -23.168927,
            15.319837
          ],
          [
            -23.168843,
            15.319824
          ],
          [
            -23.168694,
            15.31978
          ],
          [
            -23.168575,
            15.319747
          ],
          [
            -23.168466,
            15.319726
          ],
          [
            -23.168346,
            15.319689
          ],
          [
            -23.168277,
            15.319677
          ],
          [
            -23.168194,
            15.319671
          ],
          [
            -23.168051,
            15.319669
          ],
          [
            -23.167834,
            15.3197
          ],
          [
            -23.16759,
            15.319681
          ],
          [
            -23.16739,
            15.319656
          ],
          [
            -23.167278,
            15.319658
          ],
          [
            -23.167037,
            15.319672
          ],
          [
            -23.166933,
            15.319692
          ],
          [
            -23.166709,
            15.319752
          ],
          [
            -23.166229,
            15.319849
          ],
          [
            -23.16591,
            15.319907
          ],
          [
            -23.165781,
            15.31995
          ],
          [
            -23.165646,
            15.32001
          ],
          [
            -23.165491,
            15.320083
          ],
          [
            -23.165385,
            15.320093
          ],
          [
            -23.165249,
            15.320102
          ],
          [
            -23.165154,
            15.32013
          ],
          [
            -23.165013,
            15.320186
          ],
          [
            -23.164886,
            15.320206
          ],
          [
            -23.164824,
            15.320224
          ],
          [
            -23.16478,
            15.320276
          ],
          [
            -23.16472,
            15.320334
          ],
          [
            -23.164638,
            15.320389
          ],
          [
            -23.164542,
            15.32043
          ],
          [
            -23.164362,
            15.320491
          ],
          [
            -23.164119,
            15.320547
          ],
          [
            -23.164075,
            15.320573
          ],
          [
            -23.164027,
            15.32064
          ],
          [
            -23.163983,
            15.320634
          ],
          [
            -23.163973,
            15.320608
          ],
          [
            -23.163974,
            15.320581
          ],
          [
            -23.163978,
            15.320548
          ],
          [
            -23.163986,
            15.320494
          ],
          [
            -23.16402,
            15.320285
          ],
          [
            -23.16405,
            15.320024
          ],
          [
            -23.164087,
            15.319825
          ],
          [
            -23.164117,
            15.31966
          ],
          [
            -23.164132,
            15.319582
          ],
          [
            -23.164116,
            15.319524
          ],
          [
            -23.16409,
            15.319437
          ],
          [
            -23.164086,
            15.319343
          ],
          [
            -23.164101,
            15.319256
          ],
          [
            -23.164128,
            15.319171
          ],
          [
            -23.164207,
            15.319043
          ],
          [
            -23.164258,
            15.318933
          ],
          [
            -23.164277,
            15.31886
          ],
          [
            -23.164308,
            15.318791
          ],
          [
            -23.164386,
            15.318562
          ],
          [
            -23.164522,
            15.318375
          ],
          [
            -23.164668,
            15.318155
          ],
          [
            -23.16474,
            15.318019
          ],
          [
            -23.16476,
            15.317941
          ],
          [
            -23.164772,
            15.317884
          ],
          [
            -23.164782,
            15.317785
          ],
          [
            -23.164784,
            15.3175
          ],
          [
            -23.164792,
            15.317172
          ],
          [
            -23.164773,
            15.316792
          ],
          [
            -23.164769,
            15.31648
          ],
          [
            -23.164773,
            15.316221
          ],
          [
            -23.164755,
            15.316133
          ],
          [
            -23.164681,
            15.315837
          ],
          [
            -23.164588,
            15.315607
          ],
          [
            -23.164498,
            15.31535
          ],
          [
            -23.164433,
            15.315184
          ],
          [
            -23.164408,
            15.315065
          ],
          [
            -23.164331,
            15.314887
          ],
          [
            -23.164271,
            15.314733
          ],
          [
            -23.16422,
            15.314625
          ],
          [
            -23.164054,
            15.31434
          ],
          [
            -23.163908,
            15.313988
          ],
          [
            -23.163802,
            15.313774
          ],
          [
            -23.163698,
            15.313555
          ],
          [
            -23.163539,
            15.313206
          ],
          [
            -23.163436,
            15.313039
          ],
          [
            -23.163371,
            15.31287
          ],
          [
            -23.163311,
            15.312713
          ],
          [
            -23.163232,
            15.312514
          ],
          [
            -23.163216,
            15.312474
          ],
          [
            -23.163198,
            15.31244
          ],
          [
            -23.163122,
            15.312315
          ],
          [
            -23.163086,
            15.312235
          ],
          [
            -23.163046,
            15.312137
          ],
          [
            -23.163018,
            15.312031
          ],
          [
            -23.162924,
            15.311767
          ],
          [
            -23.16287,
            15.311623
          ],
          [
            -23.162814,
            15.311512
          ],
          [
            -23.162763,
            15.311362
          ],
          [
            -23.162733,
            15.311277
          ],
          [
            -23.162668,
            15.311114
          ],
          [
            -23.162582,
            15.310856
          ],
          [
            -23.162534,
            15.310649
          ],
          [
            -23.162503,
            15.310572
          ],
          [
            -23.162414,
            15.310371
          ],
          [
            -23.162288,
            15.31004
          ],
          [
            -23.162098,
            15.309471
          ],
          [
            -23.161998,
            15.309204
          ],
          [
            -23.161891,
            15.308952
          ],
          [
            -23.161833,
            15.308807
          ],
          [
            -23.161735,
            15.308574
          ],
          [
            -23.161614,
            15.308355
          ],
          [
            -23.161527,
            15.308171
          ],
          [
            -23.161451,
            15.308011
          ],
          [
            -23.161372,
            15.307885
          ],
          [
            -23.16129,
            15.307748
          ],
          [
            -23.161216,
            15.307626
          ],
          [
            -23.161153,
            15.307508
          ],
          [
            -23.161087,
            15.307434
          ],
          [
            -23.16102,
            15.307354
          ],
          [
            -23.160986,
            15.307312
          ],
          [
            -23.160951,
            15.307253
          ],
          [
            -23.161021,
            15.307032
          ],
          [
            -23.161056,
            15.306925
          ],
          [
            -23.161066,
            15.306787
          ],
          [
            -23.161096,
            15.306681
          ],
          [
            -23.161105,
            15.306623
          ],
          [
            -23.161116,
            15.306526
          ],
          [
            -23.161097,
            15.306389
          ],
          [
            -23.161074,
            15.306251
          ],
          [
            -23.160966,
            15.305874
          ],
          [
            -23.160916,
            15.305613
          ],
          [
            -23.160869,
            15.305298
          ],
          [
            -23.160854,
            15.305112
          ],
          [
            -23.16085,
            15.305012
          ],
          [
            -23.160841,
            15.30495
          ],
          [
            -23.160745,
            15.304779
          ],
          [
            -23.160698,
            15.304705
          ],
          [
            -23.160669,
            15.304544
          ],
          [
            -23.16066,
            15.304514
          ],
          [
            -23.160604,
            15.304324
          ],
          [
            -23.160586,
            15.304258
          ],
          [
            -23.160591,
            15.304161
          ],
          [
            -23.160632,
            15.304061
          ],
          [
            -23.160721,
            15.303951
          ],
          [
            -23.160781,
            15.303869
          ],
          [
            -23.160843,
            15.303728
          ],
          [
            -23.16086,
            15.303648
          ],
          [
            -23.160866,
            15.30356
          ],
          [
            -23.160848,
            15.303445
          ],
          [
            -23.160825,
            15.303329
          ],
          [
            -23.160807,
            15.303241
          ],
          [
            -23.160798,
            15.30314
          ],
          [
            -23.160791,
            15.303064
          ],
          [
            -23.160696,
            15.302809
          ],
          [
            -23.160655,
            15.302695
          ],
          [
            -23.160637,
            15.302511
          ],
          [
            -23.16055,
            15.302109
          ],
          [
            -23.160481,
            15.301861
          ],
          [
            -23.16047,
            15.301771
          ],
          [
            -23.160435,
            15.3017
          ],
          [
            -23.160307,
            15.301513
          ],
          [
            -23.160239,
            15.30127
          ],
          [
            -23.160206,
            15.300994
          ],
          [
            -23.160172,
            15.30084
          ],
          [
            -23.16013,
            15.300755
          ],
          [
            -23.160013,
            15.300518
          ],
          [
            -23.159959,
            15.30033
          ],
          [
            -23.159799,
            15.300149
          ],
          [
            -23.159706,
            15.300029
          ],
          [
            -23.159655,
            15.299877
          ],
          [
            -23.159622,
            15.299781
          ],
          [
            -23.159515,
            15.299559
          ],
          [
            -23.159417,
            15.299389
          ],
          [
            -23.159329,
            15.299172
          ],
          [
            -23.159245,
            15.298951
          ],
          [
            -23.159199,
            15.298854
          ],
          [
            -23.159147,
            15.298767
          ],
          [
            -23.159115,
            15.298684
          ],
          [
            -23.159073,
            15.298621
          ],
          [
            -23.159027,
            15.298419
          ],
          [
            -23.159019,
            15.298262
          ],
          [
            -23.158991,
            15.298166
          ],
          [
            -23.158949,
            15.298055
          ],
          [
            -23.158912,
            15.297949
          ],
          [
            -23.158919,
            15.297761
          ],
          [
            -23.158882,
            15.297623
          ],
          [
            -23.158878,
            15.297471
          ],
          [
            -23.15881,
            15.297138
          ],
          [
            -23.158765,
            15.296839
          ],
          [
            -23.158743,
            15.296655
          ],
          [
            -23.158768,
            15.296494
          ],
          [
            -23.158764,
            15.296292
          ],
          [
            -23.158762,
            15.295999
          ],
          [
            -23.158788,
            15.295738
          ],
          [
            -23.158795,
            15.295431
          ],
          [
            -23.158802,
            15.295146
          ],
          [
            -23.158812,
            15.294995
          ],
          [
            -23.158833,
            15.29482
          ],
          [
            -23.158907,
            15.294418
          ],
          [
            -23.158956,
            15.294202
          ],
          [
            -23.159004,
            15.294121
          ],
          [
            -23.158976,
            15.294006
          ],
          [
            -23.159006,
            15.293841
          ],
          [
            -23.159055,
            15.293602
          ],
          [
            -23.159075,
            15.293397
          ],
          [
            -23.159081,
            15.293254
          ],
          [
            -23.159106,
            15.293066
          ],
          [
            -23.159136,
            15.29297
          ],
          [
            -23.159127,
            15.292809
          ],
          [
            -23.159138,
            15.292645
          ],
          [
            -23.159201,
            15.292471
          ],
          [
            -23.159212,
            15.29231
          ],
          [
            -23.159213,
            15.29216
          ],
          [
            -23.159224,
            15.291962
          ],
          [
            -23.159263,
            15.291793
          ],
          [
            -23.159283,
            15.291623
          ],
          [
            -23.159318,
            15.291436
          ],
          [
            -23.159338,
            15.291312
          ],
          [
            -23.159339,
            15.291188
          ],
          [
            -23.159303,
            15.290894
          ],
          [
            -23.159328,
            15.290743
          ],
          [
            -23.159314,
            15.290642
          ],
          [
            -23.159316,
            15.290454
          ],
          [
            -23.159327,
            15.290261
          ],
          [
            -23.159356,
            15.290123
          ],
          [
            -23.159449,
            15.289759
          ],
          [
            -23.159536,
            15.289488
          ],
          [
            -23.159584,
            15.289383
          ],
          [
            -23.15959,
            15.289305
          ],
          [
            -23.159596,
            15.289153
          ],
          [
            -23.15961,
            15.289069
          ],
          [
            -23.159663,
            15.28898
          ],
          [
            -23.159781,
            15.288772
          ],
          [
            -23.160007,
            15.288296
          ],
          [
            -23.1602,
            15.287834
          ],
          [
            -23.160329,
            15.287587
          ],
          [
            -23.160532,
            15.287053
          ],
          [
            -23.160734,
            15.286655
          ],
          [
            -23.160782,
            15.28655
          ],
          [
            -23.160779,
            15.286398
          ],
          [
            -23.16079,
            15.286153
          ],
          [
            -23.160844,
            15.28586
          ],
          [
            -23.160902,
            15.2857
          ],
          [
            -23.160999,
            15.285501
          ],
          [
            -23.161087,
            15.285426
          ],
          [
            -23.161058,
            15.285398
          ],
          [
            -23.160892,
            15.285512
          ],
          [
            -23.160435,
            15.285895
          ],
          [
            -23.159877,
            15.286387
          ],
          [
            -23.159244,
            15.286837
          ],
          [
            -23.159016,
            15.286973
          ],
          [
            -23.158609,
            15.28717
          ],
          [
            -23.157787,
            15.287493
          ],
          [
            -23.15741,
            15.287617
          ],
          [
            -23.157087,
            15.287725
          ],
          [
            -23.156379,
            15.287962
          ],
          [
            -23.156033,
            15.288075
          ],
          [
            -23.15528,
            15.288417
          ],
          [
            -23.154452,
            15.288808
          ],
          [
            -23.153725,
            15.289092
          ],
          [
            -23.15309,
            15.289303
          ],
          [
            -23.152308,
            15.289604
          ],
          [
            -23.151674,
            15.289879
          ],
          [
            -23.15155,
            15.289973
          ],
          [
            -23.151356,
            15.290198
          ],
          [
            -23.151109,
            15.290602
          ],
          [
            -23.150912,
            15.290935
          ],
          [
            -23.150757,
            15.291104
          ],
          [
            -23.150652,
            15.291202
          ],
          [
            -23.150472,
            15.291325
          ],
          [
            -23.150298,
            15.291444
          ],
          [
            -23.150023,
            15.29172
          ],
          [
            -23.149761,
            15.291941
          ],
          [
            -23.149621,
            15.292121
          ],
          [
            -23.149561,
            15.292197
          ],
          [
            -23.149352,
            15.292519
          ],
          [
            -23.14915,
            15.292764
          ],
          [
            -23.149085,
            15.292817
          ],
          [
            -23.148847,
            15.293004
          ],
          [
            -23.148736,
            15.293127
          ],
          [
            -23.148524,
            15.293362
          ],
          [
            -23.148339,
            15.293583
          ],
          [
            -23.148222,
            15.293794
          ],
          [
            -23.148146,
            15.293898
          ],
          [
            -23.147969,
            15.294214
          ],
          [
            -23.147862,
            15.29441
          ],
          [
            -23.147793,
            15.294502
          ],
          [
            -23.147573,
            15.294779
          ],
          [
            -23.147467,
            15.294897
          ],
          [
            -23.147118,
            15.295292
          ],
          [
            -23.14686,
            15.295581
          ],
          [
            -23.145802,
            15.296929
          ],
          [
            -23.145584,
            15.297293
          ],
          [
            -23.145275,
            15.297764
          ],
          [
            -23.145171,
            15.297989
          ],
          [
            -23.1451,
            15.298219
          ],
          [
            -23.144956,
            15.298863
          ],
          [
            -23.144852,
            15.299346
          ],
          [
            -23.144732,
            15.299946
          ],
          [
            -23.144632,
            15.300309
          ],
          [
            -23.144667,
            15.300615
          ],
          [
            -23.144702,
            15.300984
          ],
          [
            -23.144694,
            15.30114
          ],
          [
            -23.144645,
            15.301349
          ],
          [
            -23.144621,
            15.30147
          ],
          [
            -23.144572,
            15.301748
          ],
          [
            -23.144532,
            15.301871
          ],
          [
            -23.144453,
            15.30215
          ],
          [
            -23.144392,
            15.302281
          ],
          [
            -23.144321,
            15.302362
          ],
          [
            -23.144133,
            15.302556
          ],
          [
            -23.143882,
            15.302837
          ],
          [
            -23.143781,
            15.302958
          ],
          [
            -23.143748,
            15.303014
          ],
          [
            -23.143648,
            15.303281
          ],
          [
            -23.14362,
            15.303341
          ],
          [
            -23.143583,
            15.303366
          ],
          [
            -23.143542,
            15.303418
          ],
          [
            -23.143497,
            15.303498
          ],
          [
            -23.143478,
            15.303552
          ],
          [
            -23.143435,
            15.303736
          ],
          [
            -23.143413,
            15.303927
          ],
          [
            -23.143379,
            15.304107
          ],
          [
            -23.14334,
            15.304241
          ],
          [
            -23.143261,
            15.304379
          ],
          [
            -23.143105,
            15.304653
          ],
          [
            -23.143035,
            15.304854
          ],
          [
            -23.142984,
            15.304948
          ],
          [
            -23.142882,
            15.305113
          ],
          [
            -23.142794,
            15.305316
          ],
          [
            -23.142679,
            15.305515
          ],
          [
            -23.142583,
            15.305641
          ],
          [
            -23.142486,
            15.305729
          ],
          [
            -23.142376,
            15.305828
          ],
          [
            -23.1423,
            15.30591
          ],
          [
            -23.142198,
            15.306026
          ],
          [
            -23.142059,
            15.306231
          ],
          [
            -23.141984,
            15.306395
          ],
          [
            -23.141924,
            15.306566
          ],
          [
            -23.141846,
            15.306666
          ],
          [
            -23.141733,
            15.306838
          ],
          [
            -23.141673,
            15.30695
          ],
          [
            -23.141616,
            15.307068
          ],
          [
            -23.141594,
            15.307162
          ],
          [
            -23.141594,
            15.307378
          ],
          [
            -23.141532,
            15.307587
          ],
          [
            -23.141482,
            15.307677
          ],
          [
            -23.141396,
            15.30775
          ],
          [
            -23.141299,
            15.307776
          ],
          [
            -23.141185,
            15.307776
          ],
          [
            -23.141107,
            15.307762
          ],
          [
            -23.140997,
            15.307717
          ],
          [
            -23.140929,
            15.307667
          ],
          [
            -23.140823,
            15.307579
          ],
          [
            -23.140716,
            15.307502
          ],
          [
            -23.140565,
            15.307447
          ],
          [
            -23.140449,
            15.307442
          ],
          [
            -23.140224,
            15.307479
          ],
          [
            -23.140053,
            15.307532
          ],
          [
            -23.139982,
            15.307569
          ],
          [
            -23.13985,
            15.307688
          ],
          [
            -23.13964,
            15.307883
          ],
          [
            -23.139485,
            15.308029
          ],
          [
            -23.139308,
            15.308128
          ],
          [
            -23.139116,
            15.308258
          ],
          [
            -23.138978,
            15.308362
          ],
          [
            -23.138785,
            15.308542
          ],
          [
            -23.13866,
            15.308634
          ],
          [
            -23.138599,
            15.308697
          ],
          [
            -23.138567,
            15.308726
          ],
          [
            -23.138514,
            15.308687
          ],
          [
            -23.13849,
            15.308648
          ],
          [
            -23.138491,
            15.308621
          ],
          [
            -23.138534,
            15.308571
          ],
          [
            -23.138547,
            15.30853
          ],
          [
            -23.138525,
            15.30848
          ],
          [
            -23.138504,
            15.308445
          ],
          [
            -23.138422,
            15.308327
          ],
          [
            -23.138364,
            15.308216
          ],
          [
            -23.138332,
            15.308076
          ],
          [
            -23.138278,
            15.307972
          ],
          [
            -23.138184,
            15.307865
          ],
          [
            -23.138107,
            15.307807
          ],
          [
            -23.137977,
            15.307772
          ],
          [
            -23.137845,
            15.307749
          ],
          [
            -23.137728,
            15.307738
          ],
          [
            -23.137655,
            15.307733
          ],
          [
            -23.137435,
            15.307749
          ],
          [
            -23.137368,
            15.307752
          ],
          [
            -23.137299,
            15.307745
          ],
          [
            -23.137222,
            15.307738
          ],
          [
            -23.13709,
            15.307738
          ],
          [
            -23.137021,
            15.307734
          ],
          [
            -23.136931,
            15.307726
          ],
          [
            -23.136805,
            15.307719
          ],
          [
            -23.136699,
            15.307718
          ],
          [
            -23.13658,
            15.307702
          ],
          [
            -23.136519,
            15.307675
          ],
          [
            -23.136401,
            15.307622
          ],
          [
            -23.136229,
            15.307558
          ],
          [
            -23.136186,
            15.307521
          ],
          [
            -23.136157,
            15.307483
          ],
          [
            -23.136109,
            15.307397
          ],
          [
            -23.136068,
            15.307334
          ],
          [
            -23.13603,
            15.307285
          ],
          [
            -23.135991,
            15.307206
          ],
          [
            -23.135963,
            15.307141
          ],
          [
            -23.135943,
            15.307074
          ],
          [
            -23.135932,
            15.306989
          ],
          [
            -23.135928,
            15.306913
          ],
          [
            -23.135921,
            15.306833
          ],
          [
            -23.135889,
            15.306776
          ],
          [
            -23.135805,
            15.306745
          ],
          [
            -23.135738,
            15.306733
          ],
          [
            -23.135614,
            15.306705
          ],
          [
            -23.135535,
            15.306679
          ],
          [
            -23.135454,
            15.30666
          ],
          [
            -23.135365,
            15.306646
          ],
          [
            -23.135325,
            15.306644
          ],
          [
            -23.13507,
            15.306611
          ],
          [
            -23.134897,
            15.306574
          ],
          [
            -23.134729,
            15.306519
          ],
          [
            -23.134534,
            15.30643
          ],
          [
            -23.134408,
            15.30635
          ],
          [
            -23.134274,
            15.306261
          ],
          [
            -23.134186,
            15.306241
          ],
          [
            -23.134111,
            15.30623
          ],
          [
            -23.134018,
            15.306239
          ],
          [
            -23.133779,
            15.306339
          ],
          [
            -23.133548,
            15.306453
          ],
          [
            -23.133452,
            15.306487
          ],
          [
            -23.133227,
            15.306586
          ],
          [
            -23.133031,
            15.306711
          ],
          [
            -23.132882,
            15.306776
          ],
          [
            -23.132747,
            15.306813
          ],
          [
            -23.132588,
            15.306875
          ],
          [
            -23.132277,
            15.306962
          ],
          [
            -23.131953,
            15.307075
          ],
          [
            -23.131614,
            15.307218
          ],
          [
            -23.131389,
            15.307376
          ],
          [
            -23.131284,
            15.307438
          ],
          [
            -23.131015,
            15.307559
          ],
          [
            -23.130799,
            15.307662
          ],
          [
            -23.130687,
            15.307732
          ],
          [
            -23.130518,
            15.30778
          ],
          [
            -23.130268,
            15.307938
          ],
          [
            -23.130132,
            15.308034
          ],
          [
            -23.129965,
            15.308202
          ],
          [
            -23.129853,
            15.308308
          ],
          [
            -23.12975,
            15.308416
          ],
          [
            -23.129719,
            15.308464
          ],
          [
            -23.129606,
            15.30878
          ],
          [
            -23.129567,
            15.308881
          ],
          [
            -23.129512,
            15.308959
          ],
          [
            -23.129463,
            15.309008
          ],
          [
            -23.129402,
            15.309068
          ],
          [
            -23.129337,
            15.309155
          ],
          [
            -23.129284,
            15.30922
          ],
          [
            -23.129272,
            15.309237
          ],
          [
            -23.129235,
            15.309287
          ],
          [
            -23.129217,
            15.30932
          ],
          [
            -23.129198,
            15.309352
          ],
          [
            -23.12917,
            15.309394
          ],
          [
            -23.129163,
            15.309404
          ],
          [
            -23.129138,
            15.309424
          ],
          [
            -23.129097,
            15.309455
          ],
          [
            -23.129027,
            15.309481
          ],
          [
            -23.128934,
            15.30951
          ],
          [
            -23.128794,
            15.309537
          ],
          [
            -23.128639,
            15.309551
          ],
          [
            -23.128553,
            15.309559
          ],
          [
            -23.128382,
            15.309569
          ],
          [
            -23.128328,
            15.309571
          ],
          [
            -23.128232,
            15.309564
          ],
          [
            -23.128134,
            15.309548
          ],
          [
            -23.127937,
            15.309532
          ],
          [
            -23.1278,
            15.309533
          ],
          [
            -23.127739,
            15.309536
          ],
          [
            -23.127699,
            15.309531
          ],
          [
            -23.12767,
            15.309523
          ],
          [
            -23.127646,
            15.309514
          ],
          [
            -23.127588,
            15.309493
          ],
          [
            -23.127565,
            15.309476
          ],
          [
            -23.127535,
            15.309458
          ],
          [
            -23.127509,
            15.309447
          ],
          [
            -23.127486,
            15.309444
          ],
          [
            -23.127459,
            15.309442
          ],
          [
            -23.12742,
            15.309445
          ],
          [
            -23.127283,
            15.309471
          ],
          [
            -23.127181,
            15.309471
          ],
          [
            -23.127123,
            15.309468
          ],
          [
            -23.127092,
            15.309465
          ],
          [
            -23.127036,
            15.309468
          ],
          [
            -23.127006,
            15.30947
          ],
          [
            -23.126969,
            15.309484
          ],
          [
            -23.126913,
            15.309512
          ],
          [
            -23.126855,
            15.309585
          ],
          [
            -23.126835,
            15.309635
          ],
          [
            -23.126766,
            15.309738
          ],
          [
            -23.126612,
            15.309928
          ],
          [
            -23.126475,
            15.310159
          ],
          [
            -23.126347,
            15.310379
          ],
          [
            -23.126269,
            15.310482
          ],
          [
            -23.126218,
            15.310517
          ],
          [
            -23.126148,
            15.310536
          ],
          [
            -23.126098,
            15.310534
          ],
          [
            -23.126051,
            15.310531
          ],
          [
            -23.126,
            15.310538
          ],
          [
            -23.125908,
            15.310557
          ],
          [
            -23.125857,
            15.310577
          ],
          [
            -23.1258,
            15.310594
          ],
          [
            -23.125763,
            15.310597
          ],
          [
            -23.125702,
            15.310587
          ],
          [
            -23.125594,
            15.310566
          ],
          [
            -23.125468,
            15.310553
          ],
          [
            -23.125399,
            15.310538
          ],
          [
            -23.125314,
            15.310519
          ],
          [
            -23.125196,
            15.310499
          ],
          [
            -23.12508,
            15.310471
          ],
          [
            -23.124974,
            15.310442
          ],
          [
            -23.12487,
            15.310429
          ],
          [
            -23.124768,
            15.310435
          ],
          [
            -23.124673,
            15.310446
          ],
          [
            -23.124572,
            15.310456
          ],
          [
            -23.124378,
            15.310463
          ],
          [
            -23.124265,
            15.310448
          ],
          [
            -23.124133,
            15.310445
          ],
          [
            -23.12407,
            15.310443
          ],
          [
            -23.123929,
            15.310461
          ],
          [
            -23.123865,
            15.31047
          ],
          [
            -23.123701,
            15.310495
          ],
          [
            -23.123628,
            15.310522
          ],
          [
            -23.123564,
            15.310542
          ],
          [
            -23.123504,
            15.310564
          ],
          [
            -23.123444,
            15.310596
          ],
          [
            -23.123387,
            15.31063
          ],
          [
            -23.123305,
            15.310687
          ],
          [
            -23.123259,
            15.31072
          ],
          [
            -23.123157,
            15.310788
          ],
          [
            -23.123071,
            15.310842
          ],
          [
            -23.122939,
            15.310909
          ],
          [
            -23.1228,
            15.31097
          ],
          [
            -23.122672,
            15.310999
          ],
          [
            -23.12261,
            15.311009
          ],
          [
            -23.122454,
            15.311001
          ],
          [
            -23.122351,
            15.311015
          ],
          [
            -23.122251,
            15.311033
          ],
          [
            -23.122174,
            15.311056
          ],
          [
            -23.122124,
            15.311077
          ],
          [
            -23.122056,
            15.311098
          ],
          [
            -23.121989,
            15.311116
          ],
          [
            -23.121946,
            15.311116
          ],
          [
            -23.121888,
            15.311114
          ],
          [
            -23.121838,
            15.311115
          ],
          [
            -23.121748,
            15.311122
          ],
          [
            -23.121687,
            15.311116
          ],
          [
            -23.121639,
            15.311108
          ],
          [
            -23.121606,
            15.311078
          ],
          [
            -23.121576,
            15.311057
          ],
          [
            -23.121547,
            15.31104
          ],
          [
            -23.121497,
            15.311028
          ],
          [
            -23.121447,
            15.311024
          ],
          [
            -23.121366,
            15.311025
          ],
          [
            -23.12117,
            15.311028
          ],
          [
            -23.121007,
            15.31104
          ],
          [
            -23.120914,
            15.311055
          ],
          [
            -23.120836,
            15.311055
          ],
          [
            -23.120755,
            15.311056
          ],
          [
            -23.120681,
            15.311053
          ],
          [
            -23.12062,
            15.311057
          ],
          [
            -23.120558,
            15.311048
          ],
          [
            -23.120435,
            15.311029
          ],
          [
            -23.12036,
            15.311022
          ],
          [
            -23.120231,
            15.311014
          ],
          [
            -23.120125,
            15.310994
          ],
          [
            -23.120028,
            15.310968
          ],
          [
            -23.11995,
            15.31093
          ],
          [
            -23.119873,
            15.310888
          ],
          [
            -23.119788,
            15.310857
          ],
          [
            -23.119707,
            15.310852
          ],
          [
            -23.119632,
            15.310845
          ],
          [
            -23.11956,
            15.310841
          ],
          [
            -23.119486,
            15.310831
          ],
          [
            -23.119408,
            15.31083
          ],
          [
            -23.119322,
            15.310843
          ],
          [
            -23.119264,
            15.310856
          ],
          [
            -23.11916,
            15.310906
          ],
          [
            -23.119032,
            15.311004
          ],
          [
            -23.118986,
            15.311047
          ],
          [
            -23.118905,
            15.311111
          ],
          [
            -23.118811,
            15.311173
          ],
          [
            -23.11876,
            15.311203
          ],
          [
            -23.118663,
            15.311223
          ],
          [
            -23.11862,
            15.311227
          ],
          [
            -23.118555,
            15.311217
          ],
          [
            -23.118453,
            15.311208
          ],
          [
            -23.118352,
            15.311198
          ],
          [
            -23.11828,
            15.3112
          ],
          [
            -23.118164,
            15.311202
          ],
          [
            -23.11809,
            15.311196
          ],
          [
            -23.118006,
            15.311189
          ],
          [
            -23.117966,
            15.311192
          ],
          [
            -23.117913,
            15.311206
          ],
          [
            -23.117797,
            15.311229
          ],
          [
            -23.117737,
            15.311239
          ],
          [
            -23.11771,
            15.31124
          ],
          [
            -23.117667,
            15.311229
          ],
          [
            -23.117648,
            15.311212
          ],
          [
            -23.117603,
            15.311187
          ],
          [
            -23.117558,
            15.3112
          ],
          [
            -23.117489,
            15.311257
          ],
          [
            -23.117428,
            15.311361
          ],
          [
            -23.117335,
            15.31147
          ],
          [
            -23.11722,
            15.311563
          ],
          [
            -23.117194,
            15.311617
          ],
          [
            -23.117151,
            15.31161
          ],
          [
            -23.117139,
            15.311567
          ],
          [
            -23.117092,
            15.311502
          ],
          [
            -23.117037,
            15.311444
          ],
          [
            -23.116978,
            15.311399
          ],
          [
            -23.116906,
            15.311374
          ],
          [
            -23.116854,
            15.31136
          ],
          [
            -23.116722,
            15.311323
          ],
          [
            -23.116661,
            15.3113
          ],
          [
            -23.116618,
            15.311248
          ],
          [
            -23.116627,
            15.311173
          ],
          [
            -23.116624,
            15.310878
          ],
          [
            -23.116598,
            15.310561
          ],
          [
            -23.116549,
            15.310254
          ],
          [
            -23.116477,
            15.310109
          ],
          [
            -23.116433,
            15.31002
          ],
          [
            -23.11635,
            15.309928
          ],
          [
            -23.116323,
            15.309883
          ],
          [
            -23.116276,
            15.309788
          ],
          [
            -23.116237,
            15.309671
          ],
          [
            -23.116182,
            15.309526
          ],
          [
            -23.116134,
            15.309425
          ],
          [
            -23.116079,
            15.309313
          ],
          [
            -23.116041,
            15.309273
          ],
          [
            -23.115928,
            15.30915
          ],
          [
            -23.115892,
            15.309096
          ],
          [
            -23.115818,
            15.309019
          ],
          [
            -23.115757,
            15.308979
          ],
          [
            -23.115714,
            15.308946
          ],
          [
            -23.115699,
            15.30893
          ],
          [
            -23.115654,
            15.308829
          ],
          [
            -23.115672,
            15.308797
          ],
          [
            -23.115677,
            15.308777
          ],
          [
            -23.115724,
            15.308677
          ],
          [
            -23.115729,
            15.308643
          ],
          [
            -23.115732,
            15.308619
          ],
          [
            -23.115706,
            15.308545
          ],
          [
            -23.11565,
            15.308496
          ],
          [
            -23.115616,
            15.308457
          ],
          [
            -23.115588,
            15.308423
          ],
          [
            -23.115569,
            15.308389
          ],
          [
            -23.115552,
            15.308357
          ],
          [
            -23.11554,
            15.308336
          ],
          [
            -23.115507,
            15.308281
          ],
          [
            -23.115478,
            15.308236
          ],
          [
            -23.115433,
            15.308182
          ],
          [
            -23.115333,
            15.308149
          ],
          [
            -23.115261,
            15.308134
          ],
          [
            -23.11519,
            15.308153
          ],
          [
            -23.115133,
            15.308183
          ],
          [
            -23.115098,
            15.308212
          ],
          [
            -23.114991,
            15.308253
          ],
          [
            -23.114929,
            15.308269
          ],
          [
            -23.114869,
            15.308304
          ],
          [
            -23.114813,
            15.308344
          ],
          [
            -23.114801,
            15.308358
          ],
          [
            -23.114682,
            15.308431
          ],
          [
            -23.114624,
            15.308457
          ],
          [
            -23.114571,
            15.308488
          ],
          [
            -23.114491,
            15.30855
          ],
          [
            -23.114455,
            15.308599
          ],
          [
            -23.114443,
            15.308629
          ],
          [
            -23.114439,
            15.308643
          ],
          [
            -23.114386,
            15.308806
          ],
          [
            -23.114335,
            15.308896
          ],
          [
            -23.114288,
            15.308922
          ],
          [
            -23.114258,
            15.308933
          ],
          [
            -23.1142,
            15.308939
          ],
          [
            -23.114133,
            15.308922
          ],
          [
            -23.11411,
            15.308916
          ],
          [
            -23.113858,
            15.308892
          ],
          [
            -23.113815,
            15.308893
          ],
          [
            -23.113781,
            15.308872
          ],
          [
            -23.113757,
            15.308844
          ],
          [
            -23.113724,
            15.308805
          ],
          [
            -23.113691,
            15.30877
          ],
          [
            -23.113607,
            15.308724
          ],
          [
            -23.113584,
            15.308689
          ],
          [
            -23.113552,
            15.308636
          ],
          [
            -23.113525,
            15.308598
          ],
          [
            -23.11351,
            15.308566
          ],
          [
            -23.113501,
            15.308532
          ],
          [
            -23.113494,
            15.308495
          ],
          [
            -23.113497,
            15.308462
          ],
          [
            -23.113502,
            15.308447
          ],
          [
            -23.113515,
            15.308301
          ],
          [
            -23.113499,
            15.308209
          ],
          [
            -23.1135,
            15.308062
          ],
          [
            -23.113503,
            15.307956
          ],
          [
            -23.113506,
            15.307876
          ],
          [
            -23.113514,
            15.307782
          ],
          [
            -23.113517,
            15.307683
          ],
          [
            -23.113525,
            15.307637
          ],
          [
            -23.113537,
            15.307585
          ],
          [
            -23.113556,
            15.307539
          ],
          [
            -23.113601,
            15.307489
          ],
          [
            -23.113642,
            15.307445
          ],
          [
            -23.113678,
            15.307381
          ],
          [
            -23.113697,
            15.307349
          ],
          [
            -23.113848,
            15.307148
          ],
          [
            -23.113956,
            15.306962
          ],
          [
            -23.11408,
            15.306784
          ],
          [
            -23.114129,
            15.306658
          ],
          [
            -23.114168,
            15.306498
          ],
          [
            -23.114199,
            15.306392
          ],
          [
            -23.114299,
            15.30628
          ],
          [
            -23.114373,
            15.306223
          ],
          [
            -23.114418,
            15.306157
          ],
          [
            -23.114438,
            15.306105
          ],
          [
            -23.114478,
            15.30607
          ],
          [
            -23.11454,
            15.30603
          ],
          [
            -23.114569,
            15.305993
          ],
          [
            -23.114607,
            15.30595
          ],
          [
            -23.114643,
            15.305922
          ],
          [
            -23.114697,
            15.305888
          ],
          [
            -23.114778,
            15.305832
          ],
          [
            -23.114826,
            15.305781
          ],
          [
            -23.114876,
            15.305701
          ],
          [
            -23.114903,
            15.305651
          ],
          [
            -23.114931,
            15.305605
          ],
          [
            -23.114931,
            15.305592
          ],
          [
            -23.114985,
            15.305453
          ],
          [
            -23.115019,
            15.305336
          ],
          [
            -23.115043,
            15.305226
          ],
          [
            -23.115061,
            15.305132
          ],
          [
            -23.115085,
            15.305075
          ],
          [
            -23.115114,
            15.305011
          ],
          [
            -23.115171,
            15.304877
          ],
          [
            -23.115196,
            15.304815
          ],
          [
            -23.115208,
            15.304746
          ],
          [
            -23.115227,
            15.304689
          ],
          [
            -23.115254,
            15.304602
          ],
          [
            -23.115276,
            15.304553
          ],
          [
            -23.115295,
            15.30448
          ],
          [
            -23.115336,
            15.304368
          ],
          [
            -23.115351,
            15.304327
          ],
          [
            -23.115384,
            15.304265
          ],
          [
            -23.115549,
            15.304044
          ],
          [
            -23.115638,
            15.303967
          ],
          [
            -23.11573,
            15.303901
          ],
          [
            -23.11589,
            15.303836
          ],
          [
            -23.116021,
            15.30374
          ],
          [
            -23.116093,
            15.303679
          ],
          [
            -23.116115,
            15.303605
          ],
          [
            -23.116138,
            15.303576
          ],
          [
            -23.116255,
            15.303454
          ],
          [
            -23.116346,
            15.30336
          ],
          [
            -23.116427,
            15.303283
          ],
          [
            -23.116451,
            15.303225
          ],
          [
            -23.11649,
            15.303136
          ],
          [
            -23.1165,
            15.303081
          ],
          [
            -23.116509,
            15.303044
          ],
          [
            -23.116539,
            15.302928
          ],
          [
            -23.116556,
            15.30283
          ],
          [
            -23.116585,
            15.30277
          ],
          [
            -23.116649,
            15.302709
          ],
          [
            -23.116695,
            15.302686
          ],
          [
            -23.116754,
            15.302659
          ],
          [
            -23.116792,
            15.302639
          ],
          [
            -23.116847,
            15.302607
          ],
          [
            -23.116887,
            15.302577
          ],
          [
            -23.11692,
            15.302543
          ],
          [
            -23.116935,
            15.302534
          ],
          [
            -23.116994,
            15.302507
          ],
          [
            -23.117286,
            15.302472
          ],
          [
            -23.117604,
            15.302359
          ],
          [
            -23.117728,
            15.302232
          ],
          [
            -23.117805,
            15.302122
          ],
          [
            -23.117825,
            15.302035
          ],
          [
            -23.117859,
            15.301925
          ],
          [
            -23.117869,
            15.301865
          ],
          [
            -23.117902,
            15.301797
          ],
          [
            -23.117931,
            15.301733
          ],
          [
            -23.117989,
            15.301623
          ],
          [
            -23.118084,
            15.301568
          ],
          [
            -23.118165,
            15.30144
          ],
          [
            -23.118218,
            15.301354
          ],
          [
            -23.118285,
            15.301244
          ],
          [
            -23.118322,
            15.301106
          ],
          [
            -23.118369,
            15.300987
          ],
          [
            -23.118407,
            15.300898
          ],
          [
            -23.118432,
            15.300842
          ],
          [
            -23.118464,
            15.300799
          ],
          [
            -23.118492,
            15.300761
          ],
          [
            -23.118508,
            15.300744
          ],
          [
            -23.118532,
            15.300672
          ],
          [
            -23.118566,
            15.300546
          ],
          [
            -23.118598,
            15.300436
          ],
          [
            -23.118594,
            15.300338
          ],
          [
            -23.118602,
            15.30025
          ],
          [
            -23.118621,
            15.300184
          ],
          [
            -23.118641,
            15.300115
          ],
          [
            -23.118653,
            15.30006
          ],
          [
            -23.118663,
            15.299998
          ],
          [
            -23.118666,
            15.299966
          ],
          [
            -23.118703,
            15.299803
          ],
          [
            -23.118747,
            15.299677
          ],
          [
            -23.118792,
            15.299609
          ],
          [
            -23.118841,
            15.299513
          ],
          [
            -23.118867,
            15.299426
          ],
          [
            -23.118894,
            15.299352
          ],
          [
            -23.118921,
            15.299275
          ],
          [
            -23.118921,
            15.299208
          ],
          [
            -23.118936,
            15.29913
          ],
          [
            -23.118927,
            15.299066
          ],
          [
            -23.118897,
            15.298992
          ],
          [
            -23.118878,
            15.298948
          ],
          [
            -23.118798,
            15.298857
          ],
          [
            -23.118748,
            15.298712
          ],
          [
            -23.118732,
            15.298638
          ],
          [
            -23.118733,
            15.298519
          ],
          [
            -23.118742,
            15.298468
          ],
          [
            -23.118746,
            15.298369
          ],
          [
            -23.118715,
            15.298284
          ],
          [
            -23.118697,
            15.298254
          ],
          [
            -23.118644,
            15.29805
          ],
          [
            -23.118581,
            15.297891
          ],
          [
            -23.118516,
            15.297811
          ],
          [
            -23.118474,
            15.297751
          ],
          [
            -23.118448,
            15.297693
          ],
          [
            -23.118422,
            15.297633
          ],
          [
            -23.118428,
            15.297592
          ],
          [
            -23.118655,
            15.297007
          ],
          [
            -23.118782,
            15.296402
          ],
          [
            -23.118927,
            15.29604
          ],
          [
            -23.119081,
            15.295692
          ],
          [
            -23.119168,
            15.2955
          ],
          [
            -23.119391,
            15.294847
          ],
          [
            -23.119639,
            15.294063
          ],
          [
            -23.119833,
            15.293405
          ],
          [
            -23.11997,
            15.292901
          ],
          [
            -23.120089,
            15.292738
          ],
          [
            -23.120162,
            15.292541
          ],
          [
            -23.120178,
            15.292252
          ],
          [
            -23.120256,
            15.291922
          ],
          [
            -23.12035,
            15.291454
          ],
          [
            -23.120398,
            15.290947
          ],
          [
            -23.120481,
            15.29069
          ],
          [
            -23.120527,
            15.290277
          ],
          [
            -23.12061,
            15.289981
          ],
          [
            -23.120692,
            15.289729
          ],
          [
            -23.12076,
            15.28956
          ],
          [
            -23.120794,
            15.28939
          ],
          [
            -23.120795,
            15.28922
          ],
          [
            -23.120791,
            15.289137
          ],
          [
            -23.120821,
            15.288986
          ],
          [
            -23.120864,
            15.288881
          ],
          [
            -23.120837,
            15.288784
          ],
          [
            -23.120959,
            15.288278
          ],
          [
            -23.12097,
            15.288062
          ],
          [
            -23.120986,
            15.287865
          ],
          [
            -23.121016,
            15.287709
          ],
          [
            -23.12105,
            15.287549
          ],
          [
            -23.12108,
            15.287347
          ],
          [
            -23.12109,
            15.287214
          ],
          [
            -23.121115,
            15.287062
          ],
          [
            -23.121155,
            15.286879
          ],
          [
            -23.121174,
            15.286819
          ],
          [
            -23.1212,
            15.286569
          ],
          [
            -23.121225,
            15.286394
          ],
          [
            -23.121288,
            15.286207
          ],
          [
            -23.121298,
            15.286096
          ],
          [
            -23.121294,
            15.285991
          ],
          [
            -23.121286,
            15.285885
          ],
          [
            -23.121315,
            15.285715
          ],
          [
            -23.121354,
            15.285642
          ],
          [
            -23.121374,
            15.285509
          ],
          [
            -23.121388,
            15.285472
          ],
          [
            -23.121409,
            15.285232
          ],
          [
            -23.12141,
            15.285131
          ],
          [
            -23.12142,
            15.285012
          ],
          [
            -23.12144,
            15.284915
          ],
          [
            -23.121455,
            15.284759
          ],
          [
            -23.121542,
            15.284585
          ],
          [
            -23.121614,
            15.284434
          ],
          [
            -23.121658,
            15.284325
          ],
          [
            -23.121739,
            15.284151
          ],
          [
            -23.121778,
            15.28399
          ],
          [
            -23.121817,
            15.283931
          ],
          [
            -23.121875,
            15.283807
          ],
          [
            -23.121908,
            15.283725
          ],
          [
            -23.12198,
            15.283599
          ],
          [
            -23.122024,
            15.283493
          ],
          [
            -23.122062,
            15.283406
          ],
          [
            -23.122072,
            15.283315
          ],
          [
            -23.122073,
            15.283209
          ],
          [
            -23.122132,
            15.282966
          ],
          [
            -23.122171,
            15.282819
          ],
          [
            -23.122205,
            15.282746
          ],
          [
            -23.122263,
            15.282586
          ],
          [
            -23.122306,
            15.282462
          ],
          [
            -23.122321,
            15.282361
          ],
          [
            -23.122332,
            15.282246
          ],
          [
            -23.122347,
            15.282136
          ],
          [
            -23.122352,
            15.282122
          ],
          [
            -23.122359,
            15.282045
          ],
          [
            -23.122363,
            15.28199
          ],
          [
            -23.122375,
            15.281926
          ],
          [
            -23.122395,
            15.281848
          ],
          [
            -23.122403,
            15.281811
          ],
          [
            -23.122415,
            15.281757
          ],
          [
            -23.122418,
            15.281745
          ],
          [
            -23.122432,
            15.281622
          ],
          [
            -23.12243,
            15.28157
          ],
          [
            -23.122426,
            15.281493
          ],
          [
            -23.122422,
            15.281452
          ],
          [
            -23.122415,
            15.281297
          ],
          [
            -23.122424,
            15.281214
          ],
          [
            -23.122442,
            15.28113
          ],
          [
            -23.12245,
            15.281093
          ],
          [
            -23.122479,
            15.280884
          ],
          [
            -23.122501,
            15.280778
          ],
          [
            -23.122512,
            15.280715
          ],
          [
            -23.122535,
            15.280662
          ],
          [
            -23.122573,
            15.280474
          ],
          [
            -23.122614,
            15.280336
          ],
          [
            -23.122636,
            15.280281
          ],
          [
            -23.122658,
            15.280226
          ],
          [
            -23.122673,
            15.280083
          ],
          [
            -23.122688,
            15.280045
          ],
          [
            -23.122681,
            15.279999
          ],
          [
            -23.122683,
            15.279983
          ],
          [
            -23.122672,
            15.279862
          ],
          [
            -23.122666,
            15.279788
          ],
          [
            -23.122679,
            15.279725
          ],
          [
            -23.122702,
            15.279667
          ],
          [
            -23.122731,
            15.2796
          ],
          [
            -23.122741,
            15.279574
          ],
          [
            -23.122824,
            15.27942
          ],
          [
            -23.122837,
            15.279324
          ],
          [
            -23.122854,
            15.279209
          ],
          [
            -23.122864,
            15.279136
          ],
          [
            -23.122872,
            15.279092
          ],
          [
            -23.122896,
            15.278985
          ],
          [
            -23.12292,
            15.278918
          ],
          [
            -23.122944,
            15.278873
          ],
          [
            -23.122976,
            15.278797
          ],
          [
            -23.123024,
            15.278733
          ],
          [
            -23.123019,
            15.278694
          ],
          [
            -23.123048,
            15.278652
          ],
          [
            -23.123051,
            15.278571
          ],
          [
            -23.123066,
            15.278518
          ],
          [
            -23.123104,
            15.278422
          ],
          [
            -23.123124,
            15.278344
          ],
          [
            -23.123136,
            15.278282
          ],
          [
            -23.123141,
            15.278207
          ],
          [
            -23.123144,
            15.278131
          ],
          [
            -23.123131,
            15.278002
          ],
          [
            -23.123134,
            15.277965
          ],
          [
            -23.123146,
            15.277913
          ],
          [
            -23.123151,
            15.277892
          ],
          [
            -23.123175,
            15.277869
          ],
          [
            -23.123308,
            15.277826
          ],
          [
            -23.123384,
            15.27779
          ],
          [
            -23.123419,
            15.277765
          ],
          [
            -23.123646,
            15.277608
          ],
          [
            -23.123684,
            15.277569
          ],
          [
            -23.123744,
            15.277508
          ],
          [
            -23.123827,
            15.277469
          ],
          [
            -23.12391,
            15.277447
          ],
          [
            -23.124012,
            15.277388
          ],
          [
            -23.124093,
            15.277343
          ],
          [
            -23.124167,
            15.277313
          ],
          [
            -23.124247,
            15.277296
          ],
          [
            -23.124321,
            15.277282
          ],
          [
            -23.124387,
            15.27728
          ],
          [
            -23.124484,
            15.277288
          ],
          [
            -23.124536,
            15.277275
          ],
          [
            -23.124553,
            15.277273
          ],
          [
            -23.124629,
            15.277266
          ],
          [
            -23.124693,
            15.277262
          ],
          [
            -23.124755,
            15.277221
          ],
          [
            -23.124791,
            15.277178
          ],
          [
            -23.124824,
            15.277125
          ],
          [
            -23.124872,
            15.277084
          ],
          [
            -23.124899,
            15.277059
          ],
          [
            -23.124948,
            15.276983
          ],
          [
            -23.125015,
            15.2769
          ],
          [
            -23.125049,
            15.276844
          ],
          [
            -23.125087,
            15.276769
          ],
          [
            -23.125103,
            15.276739
          ],
          [
            -23.125121,
            15.276707
          ],
          [
            -23.125125,
            15.276673
          ],
          [
            -23.125111,
            15.276635
          ],
          [
            -23.125097,
            15.276614
          ],
          [
            -23.125071,
            15.276586
          ],
          [
            -23.125016,
            15.27655
          ],
          [
            -23.124976,
            15.27652
          ],
          [
            -23.124921,
            15.276471
          ],
          [
            -23.124872,
            15.276447
          ],
          [
            -23.12481,
            15.276401
          ],
          [
            -23.124795,
            15.276366
          ],
          [
            -23.124783,
            15.27633
          ],
          [
            -23.12478,
            15.276308
          ],
          [
            -23.124785,
            15.276271
          ],
          [
            -23.124792,
            15.276231
          ],
          [
            -23.124837,
            15.276145
          ],
          [
            -23.124833,
            15.276044
          ],
          [
            -23.124819,
            15.276019
          ],
          [
            -23.124796,
            15.275982
          ],
          [
            -23.124765,
            15.275963
          ],
          [
            -23.124737,
            15.275945
          ],
          [
            -23.124709,
            15.275929
          ],
          [
            -23.124693,
            15.275915
          ],
          [
            -23.124678,
            15.275894
          ],
          [
            -23.124667,
            15.275871
          ],
          [
            -23.124658,
            15.275836
          ],
          [
            -23.124627,
            15.275797
          ],
          [
            -23.124604,
            15.27579
          ],
          [
            -23.12458,
            15.275785
          ],
          [
            -23.124509,
            15.275792
          ],
          [
            -23.124454,
            15.275796
          ],
          [
            -23.124398,
            15.275786
          ],
          [
            -23.124311,
            15.275747
          ],
          [
            -23.124275,
            15.275716
          ],
          [
            -23.1242,
            15.275679
          ],
          [
            -23.124155,
            15.275665
          ],
          [
            -23.124113,
            15.275649
          ],
          [
            -23.124077,
            15.275635
          ],
          [
            -23.124037,
            15.275607
          ],
          [
            -23.124013,
            15.275558
          ],
          [
            -23.123999,
            15.275529
          ],
          [
            -23.123981,
            15.275499
          ],
          [
            -23.123966,
            15.275474
          ],
          [
            -23.123951,
            15.275451
          ],
          [
            -23.123933,
            15.27543
          ],
          [
            -23.123905,
            15.275402
          ],
          [
            -23.123884,
            15.275377
          ],
          [
            -23.123793,
            15.275348
          ],
          [
            -23.123697,
            15.275341
          ],
          [
            -23.123634,
            15.275335
          ],
          [
            -23.123572,
            15.275324
          ],
          [
            -23.123548,
            15.275322
          ],
          [
            -23.123523,
            15.275316
          ],
          [
            -23.123485,
            15.275311
          ],
          [
            -23.123438,
            15.275293
          ],
          [
            -23.123415,
            15.275283
          ],
          [
            -23.123388,
            15.275265
          ],
          [
            -23.123318,
            15.275191
          ],
          [
            -23.123208,
            15.275043
          ],
          [
            -23.12309,
            15.274906
          ],
          [
            -23.123024,
            15.274744
          ],
          [
            -23.122974,
            15.274524
          ],
          [
            -23.122934,
            15.274314
          ],
          [
            -23.122902,
            15.274098
          ],
          [
            -23.122792,
            15.273876
          ],
          [
            -23.122713,
            15.27374
          ],
          [
            -23.122565,
            15.273557
          ],
          [
            -23.122434,
            15.273379
          ],
          [
            -23.122326,
            15.273252
          ],
          [
            -23.122218,
            15.273134
          ],
          [
            -23.122069,
            15.272953
          ],
          [
            -23.12197,
            15.272839
          ],
          [
            -23.121781,
            15.272617
          ],
          [
            -23.121649,
            15.272518
          ],
          [
            -23.121578,
            15.272482
          ],
          [
            -23.121343,
            15.272375
          ],
          [
            -23.121134,
            15.272302
          ],
          [
            -23.120917,
            15.272268
          ],
          [
            -23.120796,
            15.272254
          ],
          [
            -23.120475,
            15.272206
          ],
          [
            -23.12022,
            15.272176
          ],
          [
            -23.119927,
            15.272139
          ],
          [
            -23.119566,
            15.272107
          ],
          [
            -23.119489,
            15.272119
          ],
          [
            -23.119214,
            15.27214
          ],
          [
            -23.118943,
            15.272191
          ],
          [
            -23.118177,
            15.272336
          ],
          [
            -23.117648,
            15.272446
          ],
          [
            -23.117501,
            15.272486
          ],
          [
            -23.117369,
            15.272476
          ],
          [
            -23.117267,
            15.272455
          ],
          [
            -23.117147,
            15.272378
          ],
          [
            -23.116862,
            15.27219
          ],
          [
            -23.116372,
            15.271856
          ],
          [
            -23.115817,
            15.271469
          ],
          [
            -23.115339,
            15.271116
          ],
          [
            -23.115212,
            15.271034
          ],
          [
            -23.115098,
            15.271019
          ],
          [
            -23.114934,
            15.27116
          ],
          [
            -23.114834,
            15.271237
          ],
          [
            -23.114739,
            15.271285
          ],
          [
            -23.114472,
            15.271474
          ],
          [
            -23.114375,
            15.271519
          ],
          [
            -23.114061,
            15.271658
          ],
          [
            -23.113931,
            15.27171
          ],
          [
            -23.113506,
            15.271857
          ],
          [
            -23.113124,
            15.27195
          ],
          [
            -23.112991,
            15.272
          ],
          [
            -23.112723,
            15.272161
          ],
          [
            -23.112391,
            15.272456
          ],
          [
            -23.112115,
            15.272633
          ],
          [
            -23.111834,
            15.272824
          ],
          [
            -23.111509,
            15.273092
          ],
          [
            -23.111367,
            15.273199
          ],
          [
            -23.111274,
            15.273235
          ],
          [
            -23.111129,
            15.273257
          ],
          [
            -23.110943,
            15.273267
          ],
          [
            -23.110794,
            15.27325
          ],
          [
            -23.110701,
            15.273249
          ],
          [
            -23.110645,
            15.27325
          ],
          [
            -23.110349,
            15.273295
          ],
          [
            -23.110246,
            15.273292
          ],
          [
            -23.109887,
            15.2733
          ],
          [
            -23.109747,
            15.273291
          ],
          [
            -23.109631,
            15.273266
          ],
          [
            -23.109471,
            15.273223
          ],
          [
            -23.109194,
            15.2731
          ],
          [
            -23.109079,
            15.273027
          ],
          [
            -23.108862,
            15.272907
          ],
          [
            -23.108787,
            15.272847
          ],
          [
            -23.108681,
            15.272759
          ],
          [
            -23.108609,
            15.27267
          ],
          [
            -23.108524,
            15.272536
          ],
          [
            -23.108449,
            15.272445
          ],
          [
            -23.10837,
            15.272371
          ],
          [
            -23.108289,
            15.272309
          ],
          [
            -23.108184,
            15.272254
          ],
          [
            -23.108109,
            15.272205
          ],
          [
            -23.107938,
            15.272125
          ],
          [
            -23.107842,
            15.272075
          ],
          [
            -23.107682,
            15.271964
          ],
          [
            -23.107522,
            15.27183
          ],
          [
            -23.107169,
            15.271537
          ],
          [
            -23.107021,
            15.271398
          ],
          [
            -23.106836,
            15.271149
          ],
          [
            -23.106722,
            15.271018
          ],
          [
            -23.106649,
            15.270973
          ],
          [
            -23.106609,
            15.270923
          ],
          [
            -23.106536,
            15.270856
          ],
          [
            -23.106474,
            15.27081
          ],
          [
            -23.106384,
            15.270773
          ],
          [
            -23.106305,
            15.270756
          ],
          [
            -23.106094,
            15.27069
          ],
          [
            -23.106036,
            15.270656
          ],
          [
            -23.105992,
            15.2706
          ],
          [
            -23.105983,
            15.270456
          ],
          [
            -23.105992,
            15.270401
          ],
          [
            -23.106016,
            15.270332
          ],
          [
            -23.106029,
            15.270281
          ],
          [
            -23.106028,
            15.27023
          ],
          [
            -23.105984,
            15.27018
          ],
          [
            -23.105899,
            15.270142
          ],
          [
            -23.105799,
            15.270114
          ],
          [
            -23.10575,
            15.270084
          ],
          [
            -23.105747,
            15.270035
          ],
          [
            -23.105776,
            15.269976
          ],
          [
            -23.105802,
            15.269936
          ],
          [
            -23.105952,
            15.269766
          ],
          [
            -23.105984,
            15.269733
          ],
          [
            -23.106029,
            15.269678
          ],
          [
            -23.106053,
            15.269606
          ],
          [
            -23.106136,
            15.269486
          ],
          [
            -23.106207,
            15.269376
          ],
          [
            -23.106274,
            15.269255
          ],
          [
            -23.106318,
            15.269193
          ],
          [
            -23.106399,
            15.269089
          ],
          [
            -23.106468,
            15.268975
          ],
          [
            -23.106538,
            15.268857
          ],
          [
            -23.106628,
            15.268711
          ],
          [
            -23.106687,
            15.268635
          ],
          [
            -23.106728,
            15.268534
          ],
          [
            -23.106823,
            15.268359
          ],
          [
            -23.106883,
            15.268242
          ],
          [
            -23.106937,
            15.268068
          ],
          [
            -23.106962,
            15.267954
          ],
          [
            -23.10698,
            15.267879
          ],
          [
            -23.106998,
            15.267815
          ],
          [
            -23.107054,
            15.267759
          ],
          [
            -23.107166,
            15.267687
          ],
          [
            -23.107231,
            15.267627
          ],
          [
            -23.10728,
            15.267573
          ],
          [
            -23.107346,
            15.26748
          ],
          [
            -23.107409,
            15.267383
          ],
          [
            -23.107494,
            15.267277
          ],
          [
            -23.107534,
            15.267217
          ],
          [
            -23.10763,
            15.267085
          ],
          [
            -23.107668,
            15.267008
          ],
          [
            -23.10773,
            15.26694
          ],
          [
            -23.107772,
            15.266864
          ],
          [
            -23.107796,
            15.266793
          ],
          [
            -23.107856,
            15.266638
          ],
          [
            -23.107902,
            15.266533
          ],
          [
            -23.107993,
            15.266382
          ],
          [
            -23.108094,
            15.266243
          ],
          [
            -23.108201,
            15.266158
          ],
          [
            -23.108325,
            15.266021
          ],
          [
            -23.108397,
            15.265943
          ],
          [
            -23.108512,
            15.265813
          ],
          [
            -23.108519,
            15.265737
          ],
          [
            -23.108531,
            15.265612
          ],
          [
            -23.108536,
            15.265521
          ],
          [
            -23.10853,
            15.265428
          ],
          [
            -23.108523,
            15.26532
          ],
          [
            -23.1085,
            15.265212
          ],
          [
            -23.108465,
            15.265019
          ],
          [
            -23.108454,
            15.264837
          ],
          [
            -23.108448,
            15.264633
          ],
          [
            -23.108431,
            15.264488
          ],
          [
            -23.108405,
            15.264368
          ],
          [
            -23.108369,
            15.264246
          ],
          [
            -23.108338,
            15.26414
          ],
          [
            -23.108334,
            15.264077
          ],
          [
            -23.108335,
            15.263973
          ],
          [
            -23.108359,
            15.263919
          ],
          [
            -23.108385,
            15.26389
          ],
          [
            -23.108419,
            15.263844
          ],
          [
            -23.108444,
            15.263801
          ],
          [
            -23.108458,
            15.263771
          ],
          [
            -23.108462,
            15.263744
          ],
          [
            -23.108473,
            15.263689
          ],
          [
            -23.108479,
            15.263656
          ],
          [
            -23.10849,
            15.263639
          ],
          [
            -23.108526,
            15.263604
          ],
          [
            -23.108554,
            15.263597
          ],
          [
            -23.10861,
            15.263592
          ],
          [
            -23.108689,
            15.263589
          ],
          [
            -23.108734,
            15.263591
          ],
          [
            -23.108767,
            15.263583
          ],
          [
            -23.108844,
            15.263535
          ],
          [
            -23.108883,
            15.263484
          ],
          [
            -23.108917,
            15.263424
          ],
          [
            -23.108943,
            15.263381
          ],
          [
            -23.108988,
            15.26334
          ],
          [
            -23.109031,
            15.263323
          ],
          [
            -23.10907,
            15.263302
          ],
          [
            -23.109108,
            15.263254
          ],
          [
            -23.109153,
            15.26319
          ],
          [
            -23.10919,
            15.263142
          ],
          [
            -23.109225,
            15.263087
          ],
          [
            -23.109242,
            15.263063
          ],
          [
            -23.109301,
            15.262953
          ],
          [
            -23.109329,
            15.262923
          ],
          [
            -23.109356,
            15.262883
          ],
          [
            -23.109489,
            15.26274
          ],
          [
            -23.109621,
            15.262671
          ],
          [
            -23.109792,
            15.26258
          ],
          [
            -23.109931,
            15.262559
          ],
          [
            -23.110093,
            15.262581
          ],
          [
            -23.110166,
            15.262589
          ],
          [
            -23.110174,
            15.262551
          ],
          [
            -23.110135,
            15.26251
          ],
          [
            -23.110121,
            15.262484
          ],
          [
            -23.110032,
            15.262353
          ],
          [
            -23.109876,
            15.262053
          ],
          [
            -23.109616,
            15.261475
          ],
          [
            -23.10951,
            15.261134
          ],
          [
            -23.109409,
            15.26068
          ],
          [
            -23.10941,
            15.260583
          ],
          [
            -23.109421,
            15.260367
          ]
        ]
      }
    },
    {
      "type": "Feature",
      "properties": {
        "id": "maio-offroad-2026-3-1",
        "name": "Maio Offroad — Percurso 4×4 Suzuki",
        "name_pt": "Maio Offroad — Percurso 4×4 Suzuki",
        "name_en": "Maio Offroad — Suzuki 4×4 Route",
        "category": "offroad",
        "vehicle": "4x4",
        "year": 2026,
        "source": "QField field survey",
        "distance_km_total": 112.3
      },
      "geometry": {
        "type": "LineString",
        "coordinates": [
          [
            -23.102182,
            15.188779
          ],
          [
            -23.102161,
            15.188829
          ],
          [
            -23.102166,
            15.188982
          ],
          [
            -23.102165,
            15.189117
          ],
          [
            -23.102173,
            15.189161
          ],
          [
            -23.102209,
            15.189361
          ],
          [
            -23.102223,
            15.18956
          ],
          [
            -23.1022,
            15.189741
          ],
          [
            -23.102138,
            15.189927
          ],
          [
            -23.102109,
            15.18999
          ],
          [
            -23.102072,
            15.190117
          ],
          [
            -23.102045,
            15.190192
          ],
          [
            -23.102017,
            15.190276
          ],
          [
            -23.101933,
            15.190394
          ],
          [
            -23.101865,
            15.190528
          ],
          [
            -23.101826,
            15.190595
          ],
          [
            -23.101705,
            15.190766
          ],
          [
            -23.101631,
            15.191029
          ],
          [
            -23.101553,
            15.191215
          ],
          [
            -23.101448,
            15.191389
          ],
          [
            -23.101403,
            15.191526
          ],
          [
            -23.101383,
            15.191621
          ],
          [
            -23.101341,
            15.19174
          ],
          [
            -23.101364,
            15.192002
          ],
          [
            -23.101401,
            15.19211
          ],
          [
            -23.101391,
            15.192226
          ],
          [
            -23.101368,
            15.192306
          ],
          [
            -23.101332,
            15.192412
          ],
          [
            -23.101313,
            15.19248
          ],
          [
            -23.101271,
            15.192628
          ],
          [
            -23.101185,
            15.19271
          ],
          [
            -23.101102,
            15.192777
          ],
          [
            -23.10091,
            15.192855
          ],
          [
            -23.100735,
            15.19301
          ],
          [
            -23.100671,
            15.193083
          ],
          [
            -23.100446,
            15.193216
          ],
          [
            -23.100414,
            15.193274
          ],
          [
            -23.100411,
            15.193283
          ],
          [
            -23.100307,
            15.193353
          ],
          [
            -23.100211,
            15.193411
          ],
          [
            -23.100147,
            15.193476
          ],
          [
            -23.100102,
            15.193585
          ],
          [
            -23.100086,
            15.193626
          ],
          [
            -23.10008,
            15.193649
          ],
          [
            -23.100029,
            15.193839
          ],
          [
            -23.099996,
            15.19398
          ],
          [
            -23.099972,
            15.194041
          ],
          [
            -23.099932,
            15.194134
          ],
          [
            -23.099924,
            15.194167
          ],
          [
            -23.099866,
            15.19431
          ],
          [
            -23.099816,
            15.194423
          ],
          [
            -23.099743,
            15.194494
          ],
          [
            -23.099445,
            15.194601
          ],
          [
            -23.099293,
            15.194603
          ],
          [
            -23.099206,
            15.194541
          ],
          [
            -23.099096,
            15.194472
          ],
          [
            -23.098951,
            15.19445
          ],
          [
            -23.098825,
            15.19444
          ],
          [
            -23.098588,
            15.194459
          ],
          [
            -23.098528,
            15.194465
          ],
          [
            -23.098357,
            15.194473
          ],
          [
            -23.098246,
            15.194524
          ],
          [
            -23.098088,
            15.194609
          ],
          [
            -23.098005,
            15.194669
          ],
          [
            -23.097884,
            15.194776
          ],
          [
            -23.097852,
            15.194852
          ],
          [
            -23.097833,
            15.194898
          ],
          [
            -23.097439,
            15.195203
          ],
          [
            -23.09722,
            15.19536
          ],
          [
            -23.097024,
            15.195472
          ],
          [
            -23.096913,
            15.195532
          ],
          [
            -23.096754,
            15.195651
          ],
          [
            -23.096665,
            15.195812
          ],
          [
            -23.096635,
            15.195941
          ],
          [
            -23.096632,
            15.196005
          ],
          [
            -23.096598,
            15.196248
          ],
          [
            -23.096638,
            15.196374
          ],
          [
            -23.096649,
            15.196521
          ],
          [
            -23.096648,
            15.19668
          ],
          [
            -23.096647,
            15.196769
          ],
          [
            -23.096644,
            15.196849
          ],
          [
            -23.09664,
            15.196898
          ],
          [
            -23.096649,
            15.196928
          ],
          [
            -23.09672,
            15.197151
          ],
          [
            -23.096804,
            15.197317
          ],
          [
            -23.096816,
            15.197378
          ],
          [
            -23.096816,
            15.197412
          ],
          [
            -23.096776,
            15.197647
          ],
          [
            -23.096731,
            15.197778
          ],
          [
            -23.096667,
            15.19787
          ],
          [
            -23.09659,
            15.198034
          ],
          [
            -23.096532,
            15.198123
          ],
          [
            -23.096395,
            15.198381
          ],
          [
            -23.096359,
            15.198567
          ],
          [
            -23.096361,
            15.198674
          ],
          [
            -23.096401,
            15.198806
          ],
          [
            -23.096679,
            15.19908
          ],
          [
            -23.096795,
            15.199182
          ],
          [
            -23.096946,
            15.199259
          ],
          [
            -23.09711,
            15.199288
          ],
          [
            -23.09722,
            15.19931
          ],
          [
            -23.097355,
            15.199321
          ],
          [
            -23.097456,
            15.199337
          ],
          [
            -23.097528,
            15.199405
          ],
          [
            -23.097593,
            15.199518
          ],
          [
            -23.097662,
            15.199648
          ],
          [
            -23.097696,
            15.199737
          ],
          [
            -23.097833,
            15.199954
          ],
          [
            -23.097866,
            15.200058
          ],
          [
            -23.097897,
            15.200199
          ],
          [
            -23.097959,
            15.200347
          ],
          [
            -23.098077,
            15.200495
          ],
          [
            -23.098162,
            15.200575
          ],
          [
            -23.098259,
            15.200692
          ],
          [
            -23.098355,
            15.200806
          ],
          [
            -23.098597,
            15.201051
          ],
          [
            -23.098725,
            15.201202
          ],
          [
            -23.098784,
            15.201316
          ],
          [
            -23.098846,
            15.201418
          ],
          [
            -23.098902,
            15.201528
          ],
          [
            -23.098952,
            15.201651
          ],
          [
            -23.099067,
            15.201765
          ],
          [
            -23.099187,
            15.201887
          ],
          [
            -23.099281,
            15.201931
          ],
          [
            -23.099429,
            15.201969
          ],
          [
            -23.099504,
            15.201985
          ],
          [
            -23.099558,
            15.202001
          ],
          [
            -23.099668,
            15.202035
          ],
          [
            -23.099737,
            15.202094
          ],
          [
            -23.099774,
            15.202146
          ],
          [
            -23.099859,
            15.202263
          ],
          [
            -23.099924,
            15.202325
          ],
          [
            -23.099959,
            15.202359
          ],
          [
            -23.100138,
            15.202515
          ],
          [
            -23.10026,
            15.202635
          ],
          [
            -23.100361,
            15.2027
          ],
          [
            -23.100517,
            15.202821
          ],
          [
            -23.100571,
            15.202861
          ],
          [
            -23.100655,
            15.202948
          ],
          [
            -23.100714,
            15.203012
          ],
          [
            -23.100887,
            15.203177
          ],
          [
            -23.100931,
            15.203225
          ],
          [
            -23.100984,
            15.203271
          ],
          [
            -23.101048,
            15.203324
          ],
          [
            -23.101102,
            15.20337
          ],
          [
            -23.101155,
            15.203425
          ],
          [
            -23.101197,
            15.203481
          ],
          [
            -23.101231,
            15.203527
          ],
          [
            -23.101261,
            15.203561
          ],
          [
            -23.101301,
            15.203609
          ],
          [
            -23.101347,
            15.203667
          ],
          [
            -23.101386,
            15.203757
          ],
          [
            -23.101424,
            15.203848
          ],
          [
            -23.101466,
            15.203929
          ],
          [
            -23.101546,
            15.204055
          ],
          [
            -23.101644,
            15.204178
          ],
          [
            -23.101733,
            15.204308
          ],
          [
            -23.10179,
            15.204405
          ],
          [
            -23.101855,
            15.204525
          ],
          [
            -23.101908,
            15.204629
          ],
          [
            -23.101954,
            15.204758
          ],
          [
            -23.101988,
            15.204841
          ],
          [
            -23.102025,
            15.204915
          ],
          [
            -23.10204,
            15.204973
          ],
          [
            -23.10204,
            15.205053
          ],
          [
            -23.10202,
            15.205154
          ],
          [
            -23.101959,
            15.205306
          ],
          [
            -23.101914,
            15.205404
          ],
          [
            -23.101871,
            15.20559
          ],
          [
            -23.101866,
            15.205633
          ],
          [
            -23.101811,
            15.205884
          ],
          [
            -23.101791,
            15.205944
          ],
          [
            -23.101772,
            15.206022
          ],
          [
            -23.101767,
            15.206066
          ],
          [
            -23.101778,
            15.206178
          ],
          [
            -23.101886,
            15.206362
          ],
          [
            -23.102098,
            15.206572
          ],
          [
            -23.10223,
            15.206744
          ],
          [
            -23.102342,
            15.206935
          ],
          [
            -23.102429,
            15.207058
          ],
          [
            -23.102542,
            15.207163
          ],
          [
            -23.10266,
            15.207268
          ],
          [
            -23.102691,
            15.207421
          ],
          [
            -23.102684,
            15.207519
          ],
          [
            -23.102516,
            15.207644
          ],
          [
            -23.102326,
            15.207707
          ],
          [
            -23.102225,
            15.20774
          ],
          [
            -23.102098,
            15.207824
          ],
          [
            -23.102085,
            15.207852
          ],
          [
            -23.102037,
            15.207956
          ],
          [
            -23.102005,
            15.208041
          ],
          [
            -23.102029,
            15.208102
          ],
          [
            -23.102124,
            15.208158
          ],
          [
            -23.102259,
            15.208202
          ],
          [
            -23.102413,
            15.208255
          ],
          [
            -23.102567,
            15.208251
          ],
          [
            -23.102731,
            15.208252
          ],
          [
            -23.102835,
            15.208256
          ],
          [
            -23.103044,
            15.20823
          ],
          [
            -23.103268,
            15.208216
          ],
          [
            -23.10349,
            15.208224
          ],
          [
            -23.103603,
            15.208255
          ],
          [
            -23.10375,
            15.208357
          ],
          [
            -23.103788,
            15.208388
          ],
          [
            -23.103841,
            15.208401
          ],
          [
            -23.103885,
            15.208414
          ],
          [
            -23.103926,
            15.208435
          ],
          [
            -23.103945,
            15.208497
          ],
          [
            -23.103992,
            15.20883
          ],
          [
            -23.104019,
            15.209002
          ],
          [
            -23.104146,
            15.208991
          ],
          [
            -23.104649,
            15.208909
          ],
          [
            -23.105179,
            15.208848
          ],
          [
            -23.105615,
            15.208806
          ],
          [
            -23.10576,
            15.208792
          ],
          [
            -23.105768,
            15.208966
          ],
          [
            -23.10571,
            15.209162
          ],
          [
            -23.105586,
            15.209348
          ],
          [
            -23.105334,
            15.209684
          ],
          [
            -23.105127,
            15.20997
          ],
          [
            -23.10505,
            15.210129
          ],
          [
            -23.105045,
            15.210261
          ],
          [
            -23.10506,
            15.21037
          ],
          [
            -23.105141,
            15.210503
          ],
          [
            -23.105368,
            15.21089
          ],
          [
            -23.105845,
            15.21164
          ],
          [
            -23.105951,
            15.211811
          ],
          [
            -23.10595,
            15.211915
          ],
          [
            -23.105885,
            15.212099
          ]
        ]
      }
    },
    {
      "type": "Feature",
      "properties": {
        "id": "maio-offroad-2026-4-1",
        "name": "Maio Offroad — Percurso 4×4 Suzuki",
        "name_pt": "Maio Offroad — Percurso 4×4 Suzuki",
        "name_en": "Maio Offroad — Suzuki 4×4 Route",
        "category": "offroad",
        "vehicle": "4x4",
        "year": 2026,
        "source": "QField field survey",
        "distance_km_total": 112.3
      },
      "geometry": {
        "type": "LineString",
        "coordinates": [
          [
            -23.21144,
            15.137689
          ],
          [
            -23.211425,
            15.137605
          ],
          [
            -23.211403,
            15.137538
          ],
          [
            -23.211391,
            15.137362
          ],
          [
            -23.211401,
            15.137184
          ],
          [
            -23.211409,
            15.137006
          ],
          [
            -23.21141,
            15.1369
          ],
          [
            -23.21144,
            15.136512
          ],
          [
            -23.211444,
            15.136456
          ],
          [
            -23.211295,
            15.136441
          ],
          [
            -23.211214,
            15.136447
          ],
          [
            -23.211145,
            15.136444
          ],
          [
            -23.211145,
            15.136248
          ],
          [
            -23.211048,
            15.136254
          ],
          [
            -23.210933,
            15.136261
          ],
          [
            -23.210883,
            15.136285
          ],
          [
            -23.210832,
            15.13632
          ],
          [
            -23.210752,
            15.13636
          ],
          [
            -23.210629,
            15.13638
          ],
          [
            -23.210465,
            15.136397
          ],
          [
            -23.210429,
            15.136164
          ],
          [
            -23.210424,
            15.135981
          ],
          [
            -23.210394,
            15.13572
          ],
          [
            -23.210373,
            15.135508
          ],
          [
            -23.210223,
            15.135454
          ],
          [
            -23.210065,
            15.135372
          ],
          [
            -23.209966,
            15.135228
          ],
          [
            -23.209887,
            15.135116
          ],
          [
            -23.209575,
            15.134686
          ],
          [
            -23.209304,
            15.134283
          ],
          [
            -23.209108,
            15.13399
          ],
          [
            -23.208786,
            15.133542
          ],
          [
            -23.208499,
            15.133121
          ],
          [
            -23.208228,
            15.132716
          ],
          [
            -23.207934,
            15.132318
          ],
          [
            -23.20771,
            15.131989
          ],
          [
            -23.207486,
            15.131667
          ],
          [
            -23.207068,
            15.13107
          ],
          [
            -23.20673,
            15.130577
          ],
          [
            -23.20669,
            15.130498
          ],
          [
            -23.206725,
            15.130393
          ],
          [
            -23.206756,
            15.130298
          ],
          [
            -23.206792,
            15.129967
          ],
          [
            -23.20682,
            15.12967
          ],
          [
            -23.206845,
            15.129497
          ],
          [
            -23.206872,
            15.129334
          ],
          [
            -23.206883,
            15.129169
          ],
          [
            -23.206894,
            15.129049
          ],
          [
            -23.206878,
            15.128878
          ],
          [
            -23.206849,
            15.128764
          ],
          [
            -23.206784,
            15.128624
          ],
          [
            -23.206686,
            15.128474
          ],
          [
            -23.206486,
            15.128309
          ],
          [
            -23.206266,
            15.12817
          ],
          [
            -23.205988,
            15.128027
          ],
          [
            -23.205798,
            15.12792
          ],
          [
            -23.205645,
            15.127829
          ],
          [
            -23.205512,
            15.127766
          ],
          [
            -23.20533,
            15.127735
          ],
          [
            -23.205024,
            15.127712
          ],
          [
            -23.204653,
            15.127679
          ],
          [
            -23.204281,
            15.127669
          ],
          [
            -23.203959,
            15.127589
          ],
          [
            -23.203864,
            15.127565
          ],
          [
            -23.203685,
            15.127543
          ],
          [
            -23.203551,
            15.127498
          ],
          [
            -23.203423,
            15.127465
          ],
          [
            -23.203364,
            15.127446
          ],
          [
            -23.203206,
            15.127445
          ],
          [
            -23.203027,
            15.12745
          ],
          [
            -23.202868,
            15.127462
          ],
          [
            -23.202767,
            15.12748
          ],
          [
            -23.202696,
            15.127482
          ],
          [
            -23.202641,
            15.127512
          ],
          [
            -23.20258,
            15.127569
          ],
          [
            -23.202551,
            15.127595
          ],
          [
            -23.202495,
            15.127702
          ],
          [
            -23.202413,
            15.12783
          ],
          [
            -23.202312,
            15.127936
          ],
          [
            -23.202267,
            15.128005
          ],
          [
            -23.202196,
            15.128152
          ],
          [
            -23.202155,
            15.128209
          ],
          [
            -23.202116,
            15.128246
          ],
          [
            -23.202043,
            15.128288
          ],
          [
            -23.201984,
            15.128321
          ],
          [
            -23.201925,
            15.128361
          ],
          [
            -23.201732,
            15.128558
          ],
          [
            -23.201625,
            15.128697
          ],
          [
            -23.201586,
            15.128732
          ],
          [
            -23.201546,
            15.128756
          ],
          [
            -23.20151,
            15.128766
          ],
          [
            -23.201462,
            15.128767
          ],
          [
            -23.201402,
            15.128764
          ],
          [
            -23.201338,
            15.128757
          ],
          [
            -23.201288,
            15.128762
          ],
          [
            -23.201258,
            15.128763
          ],
          [
            -23.201174,
            15.128789
          ],
          [
            -23.201118,
            15.128811
          ],
          [
            -23.201073,
            15.128831
          ],
          [
            -23.201048,
            15.128857
          ],
          [
            -23.20102,
            15.128916
          ],
          [
            -23.200999,
            15.128964
          ],
          [
            -23.200951,
            15.129029
          ],
          [
            -23.200899,
            15.129079
          ],
          [
            -23.200832,
            15.129135
          ],
          [
            -23.200772,
            15.129169
          ],
          [
            -23.2007,
            15.129192
          ],
          [
            -23.200651,
            15.129207
          ],
          [
            -23.200587,
            15.129219
          ],
          [
            -23.200535,
            15.129231
          ],
          [
            -23.200498,
            15.129238
          ],
          [
            -23.200461,
            15.129245
          ],
          [
            -23.200409,
            15.129257
          ],
          [
            -23.200356,
            15.129271
          ],
          [
            -23.200316,
            15.129287
          ],
          [
            -23.200271,
            15.129301
          ],
          [
            -23.200166,
            15.129346
          ],
          [
            -23.200114,
            15.12937
          ],
          [
            -23.200071,
            15.129391
          ],
          [
            -23.20003,
            15.129403
          ],
          [
            -23.199967,
            15.129427
          ],
          [
            -23.199835,
            15.129467
          ],
          [
            -23.199777,
            15.129484
          ],
          [
            -23.199711,
            15.129498
          ],
          [
            -23.19964,
            15.129508
          ],
          [
            -23.199531,
            15.129505
          ],
          [
            -23.199441,
            15.129506
          ],
          [
            -23.19933,
            15.129515
          ],
          [
            -23.199143,
            15.129552
          ],
          [
            -23.199033,
            15.129559
          ],
          [
            -23.198927,
            15.129567
          ],
          [
            -23.198863,
            15.129565
          ],
          [
            -23.198785,
            15.129574
          ],
          [
            -23.198645,
            15.129581
          ],
          [
            -23.198552,
            15.129585
          ],
          [
            -23.198496,
            15.129588
          ],
          [
            -23.198415,
            15.129607
          ],
          [
            -23.198366,
            15.129635
          ],
          [
            -23.198286,
            15.12969
          ],
          [
            -23.198114,
            15.129844
          ],
          [
            -23.197977,
            15.129987
          ],
          [
            -23.197895,
            15.130074
          ],
          [
            -23.197846,
            15.130119
          ],
          [
            -23.197783,
            15.130179
          ],
          [
            -23.197732,
            15.130228
          ],
          [
            -23.197696,
            15.130253
          ],
          [
            -23.197637,
            15.130296
          ],
          [
            -23.197572,
            15.130366
          ],
          [
            -23.197529,
            15.130407
          ],
          [
            -23.197509,
            15.130432
          ],
          [
            -23.197454,
            15.130549
          ],
          [
            -23.197399,
            15.130665
          ],
          [
            -23.197354,
            15.130765
          ],
          [
            -23.197306,
            15.130876
          ],
          [
            -23.197253,
            15.13095
          ],
          [
            -23.197205,
            15.131016
          ],
          [
            -23.197141,
            15.131091
          ],
          [
            -23.197093,
            15.131144
          ],
          [
            -23.197057,
            15.131184
          ],
          [
            -23.197023,
            15.131233
          ],
          [
            -23.196982,
            15.131331
          ],
          [
            -23.196954,
            15.131413
          ],
          [
            -23.196888,
            15.131533
          ],
          [
            -23.196855,
            15.131605
          ],
          [
            -23.196802,
            15.131738
          ],
          [
            -23.196745,
            15.131861
          ],
          [
            -23.196695,
            15.131969
          ],
          [
            -23.196628,
            15.132108
          ],
          [
            -23.196573,
            15.132148
          ],
          [
            -23.196524,
            15.132165
          ],
          [
            -23.196443,
            15.13216
          ],
          [
            -23.196391,
            15.132155
          ],
          [
            -23.196337,
            15.13216
          ],
          [
            -23.196281,
            15.132165
          ],
          [
            -23.196234,
            15.132169
          ],
          [
            -23.196184,
            15.132169
          ],
          [
            -23.196148,
            15.132168
          ],
          [
            -23.196109,
            15.132159
          ],
          [
            -23.19607,
            15.132152
          ],
          [
            -23.196039,
            15.132146
          ],
          [
            -23.196018,
            15.132138
          ],
          [
            -23.195976,
            15.132126
          ],
          [
            -23.195955,
            15.132124
          ],
          [
            -23.195868,
            15.132112
          ],
          [
            -23.19581,
            15.132107
          ],
          [
            -23.195747,
            15.132101
          ],
          [
            -23.195707,
            15.132097
          ],
          [
            -23.195665,
            15.132094
          ],
          [
            -23.195597,
            15.132087
          ],
          [
            -23.195535,
            15.132079
          ],
          [
            -23.195496,
            15.132074
          ],
          [
            -23.19544,
            15.132067
          ],
          [
            -23.195384,
            15.132074
          ],
          [
            -23.195342,
            15.13208
          ],
          [
            -23.195266,
            15.132103
          ],
          [
            -23.195228,
            15.132124
          ],
          [
            -23.19518,
            15.132148
          ],
          [
            -23.195141,
            15.132173
          ],
          [
            -23.195068,
            15.132238
          ],
          [
            -23.195034,
            15.132263
          ],
          [
            -23.194984,
            15.132295
          ],
          [
            -23.194934,
            15.132324
          ],
          [
            -23.194868,
            15.13238
          ],
          [
            -23.194811,
            15.13244
          ],
          [
            -23.194734,
            15.132512
          ],
          [
            -23.194697,
            15.132548
          ],
          [
            -23.194626,
            15.132582
          ],
          [
            -23.194553,
            15.132619
          ],
          [
            -23.194519,
            15.132642
          ],
          [
            -23.194487,
            15.132665
          ],
          [
            -23.194439,
            15.132716
          ],
          [
            -23.194418,
            15.13279
          ],
          [
            -23.194394,
            15.132854
          ],
          [
            -23.194373,
            15.13289
          ],
          [
            -23.194343,
            15.132908
          ],
          [
            -23.194304,
            15.132901
          ],
          [
            -23.194232,
            15.132881
          ],
          [
            -23.194191,
            15.132864
          ],
          [
            -23.194168,
            15.132859
          ],
          [
            -23.194136,
            15.132854
          ],
          [
            -23.194099,
            15.132853
          ],
          [
            -23.194036,
            15.132792
          ],
          [
            -23.193976,
            15.13272
          ],
          [
            -23.193935,
            15.132676
          ],
          [
            -23.193883,
            15.132634
          ],
          [
            -23.193834,
            15.132605
          ],
          [
            -23.193802,
            15.132581
          ],
          [
            -23.193745,
            15.132558
          ],
          [
            -23.193686,
            15.132522
          ],
          [
            -23.193626,
            15.132495
          ],
          [
            -23.193552,
            15.13246
          ],
          [
            -23.193417,
            15.132408
          ],
          [
            -23.193348,
            15.132381
          ],
          [
            -23.193138,
            15.132304
          ],
          [
            -23.19306,
            15.132282
          ],
          [
            -23.192966,
            15.132247
          ],
          [
            -23.192829,
            15.132198
          ],
          [
            -23.192705,
            15.132146
          ],
          [
            -23.192523,
            15.132099
          ],
          [
            -23.192231,
            15.13201
          ],
          [
            -23.191968,
            15.131941
          ],
          [
            -23.191813,
            15.131892
          ],
          [
            -23.191683,
            15.131868
          ],
          [
            -23.19153,
            15.131829
          ],
          [
            -23.19144,
            15.131803
          ],
          [
            -23.19135,
            15.131782
          ],
          [
            -23.191283,
            15.131762
          ],
          [
            -23.191222,
            15.131746
          ],
          [
            -23.191153,
            15.131722
          ],
          [
            -23.19111,
            15.131714
          ],
          [
            -23.191052,
            15.131697
          ],
          [
            -23.190989,
            15.131681
          ],
          [
            -23.190932,
            15.131672
          ],
          [
            -23.190895,
            15.131665
          ],
          [
            -23.190859,
            15.131657
          ],
          [
            -23.190656,
            15.1316
          ],
          [
            -23.190613,
            15.131591
          ],
          [
            -23.190584,
            15.131583
          ],
          [
            -23.190549,
            15.131572
          ],
          [
            -23.190508,
            15.131558
          ],
          [
            -23.190464,
            15.131548
          ],
          [
            -23.190408,
            15.131536
          ],
          [
            -23.190355,
            15.131522
          ],
          [
            -23.190303,
            15.131507
          ],
          [
            -23.190261,
            15.1315
          ],
          [
            -23.190126,
            15.131468
          ],
          [
            -23.19004,
            15.131449
          ],
          [
            -23.189963,
            15.13144
          ],
          [
            -23.189895,
            15.131427
          ],
          [
            -23.189828,
            15.131418
          ],
          [
            -23.189761,
            15.13141
          ],
          [
            -23.189728,
            15.131408
          ],
          [
            -23.189557,
            15.131405
          ],
          [
            -23.189426,
            15.131398
          ],
          [
            -23.189302,
            15.131369
          ],
          [
            -23.189228,
            15.131362
          ],
          [
            -23.189169,
            15.131358
          ],
          [
            -23.189132,
            15.131346
          ],
          [
            -23.189073,
            15.131334
          ],
          [
            -23.189029,
            15.131323
          ],
          [
            -23.188945,
            15.131309
          ],
          [
            -23.188878,
            15.131294
          ],
          [
            -23.188806,
            15.131278
          ],
          [
            -23.188738,
            15.131263
          ],
          [
            -23.188675,
            15.131259
          ],
          [
            -23.188623,
            15.13126
          ],
          [
            -23.188532,
            15.131241
          ],
          [
            -23.188485,
            15.131231
          ],
          [
            -23.188421,
            15.131224
          ],
          [
            -23.188386,
            15.131218
          ],
          [
            -23.188344,
            15.131218
          ],
          [
            -23.188253,
            15.13123
          ],
          [
            -23.188103,
            15.131229
          ],
          [
            -23.188007,
            15.131225
          ],
          [
            -23.187929,
            15.131221
          ],
          [
            -23.187869,
            15.131222
          ],
          [
            -23.187816,
            15.131216
          ],
          [
            -23.187743,
            15.131221
          ],
          [
            -23.1877,
            15.131235
          ],
          [
            -23.187661,
            15.131258
          ],
          [
            -23.187624,
            15.131289
          ],
          [
            -23.187516,
            15.131366
          ],
          [
            -23.187461,
            15.131384
          ],
          [
            -23.187405,
            15.131398
          ],
          [
            -23.187345,
            15.131411
          ],
          [
            -23.18728,
            15.131418
          ],
          [
            -23.187192,
            15.131428
          ],
          [
            -23.187147,
            15.131437
          ],
          [
            -23.18713,
            15.13144
          ],
          [
            -23.187097,
            15.131438
          ],
          [
            -23.18705,
            15.13144
          ],
          [
            -23.187012,
            15.131445
          ],
          [
            -23.186917,
            15.131447
          ],
          [
            -23.186879,
            15.131447
          ],
          [
            -23.186851,
            15.131446
          ],
          [
            -23.186819,
            15.131445
          ],
          [
            -23.186785,
            15.131446
          ],
          [
            -23.186757,
            15.131444
          ],
          [
            -23.186709,
            15.131426
          ],
          [
            -23.186631,
            15.131396
          ],
          [
            -23.186568,
            15.131372
          ],
          [
            -23.186529,
            15.131363
          ],
          [
            -23.186506,
            15.13136
          ],
          [
            -23.186441,
            15.13137
          ],
          [
            -23.186321,
            15.131376
          ],
          [
            -23.186266,
            15.131379
          ],
          [
            -23.186194,
            15.131385
          ],
          [
            -23.18615,
            15.131389
          ],
          [
            -23.186118,
            15.131384
          ],
          [
            -23.18609,
            15.131383
          ],
          [
            -23.18607,
            15.131381
          ],
          [
            -23.186049,
            15.131381
          ],
          [
            -23.186024,
            15.131385
          ],
          [
            -23.186001,
            15.131387
          ],
          [
            -23.185969,
            15.131389
          ],
          [
            -23.185933,
            15.131383
          ],
          [
            -23.185909,
            15.131381
          ],
          [
            -23.185868,
            15.131402
          ],
          [
            -23.185792,
            15.131433
          ],
          [
            -23.185765,
            15.131455
          ],
          [
            -23.185715,
            15.131472
          ],
          [
            -23.185644,
            15.131482
          ],
          [
            -23.18558,
            15.131466
          ],
          [
            -23.185537,
            15.13145
          ],
          [
            -23.18551,
            15.131445
          ],
          [
            -23.185482,
            15.131438
          ],
          [
            -23.185439,
            15.131413
          ],
          [
            -23.185419,
            15.131399
          ],
          [
            -23.185394,
            15.131391
          ],
          [
            -23.185365,
            15.131389
          ],
          [
            -23.18532,
            15.131389
          ],
          [
            -23.185291,
            15.131391
          ],
          [
            -23.185269,
            15.131399
          ],
          [
            -23.185239,
            15.131414
          ],
          [
            -23.185188,
            15.131423
          ],
          [
            -23.185143,
            15.131429
          ],
          [
            -23.185108,
            15.13143
          ],
          [
            -23.185067,
            15.131429
          ],
          [
            -23.184998,
            15.131424
          ],
          [
            -23.184952,
            15.131421
          ],
          [
            -23.184883,
            15.13141
          ],
          [
            -23.184739,
            15.131387
          ],
          [
            -23.184673,
            15.131386
          ],
          [
            -23.184605,
            15.131372
          ],
          [
            -23.184498,
            15.131353
          ],
          [
            -23.184453,
            15.131346
          ],
          [
            -23.184345,
            15.131335
          ],
          [
            -23.184249,
            15.131321
          ],
          [
            -23.184191,
            15.131313
          ],
          [
            -23.184139,
            15.131311
          ],
          [
            -23.184064,
            15.131299
          ],
          [
            -23.183979,
            15.131294
          ],
          [
            -23.183911,
            15.131295
          ],
          [
            -23.183865,
            15.131291
          ],
          [
            -23.183834,
            15.131287
          ],
          [
            -23.183798,
            15.131279
          ],
          [
            -23.183756,
            15.131266
          ],
          [
            -23.183721,
            15.131252
          ],
          [
            -23.183689,
            15.131236
          ],
          [
            -23.183654,
            15.131214
          ],
          [
            -23.183623,
            15.131188
          ],
          [
            -23.183605,
            15.131176
          ],
          [
            -23.183589,
            15.131164
          ],
          [
            -23.183566,
            15.131151
          ],
          [
            -23.183538,
            15.131137
          ],
          [
            -23.183519,
            15.131132
          ],
          [
            -23.183495,
            15.131126
          ],
          [
            -23.183476,
            15.131119
          ],
          [
            -23.183455,
            15.131111
          ],
          [
            -23.183433,
            15.131099
          ],
          [
            -23.183415,
            15.131086
          ],
          [
            -23.183402,
            15.131079
          ],
          [
            -23.183384,
            15.131073
          ],
          [
            -23.18334,
            15.131055
          ],
          [
            -23.183318,
            15.131048
          ],
          [
            -23.183261,
            15.131027
          ],
          [
            -23.183201,
            15.130999
          ],
          [
            -23.183159,
            15.13098
          ],
          [
            -23.183092,
            15.130956
          ],
          [
            -23.183058,
            15.130943
          ],
          [
            -23.183048,
            15.130942
          ],
          [
            -23.183035,
            15.130937
          ],
          [
            -23.18302,
            15.130932
          ],
          [
            -23.183012,
            15.130928
          ],
          [
            -23.182995,
            15.130919
          ],
          [
            -23.182982,
            15.130914
          ],
          [
            -23.182967,
            15.130906
          ],
          [
            -23.182942,
            15.130894
          ],
          [
            -23.182923,
            15.13088
          ],
          [
            -23.182897,
            15.130863
          ],
          [
            -23.182858,
            15.13084
          ],
          [
            -23.182748,
            15.130783
          ],
          [
            -23.182701,
            15.130765
          ],
          [
            -23.182663,
            15.130753
          ],
          [
            -23.182621,
            15.130745
          ],
          [
            -23.1826,
            15.130732
          ],
          [
            -23.182562,
            15.130724
          ],
          [
            -23.18251,
            15.130718
          ],
          [
            -23.182459,
            15.130704
          ],
          [
            -23.182292,
            15.130672
          ],
          [
            -23.182201,
            15.130658
          ],
          [
            -23.182111,
            15.130644
          ],
          [
            -23.181988,
            15.130627
          ],
          [
            -23.181926,
            15.130622
          ],
          [
            -23.181875,
            15.130611
          ],
          [
            -23.181828,
            15.130605
          ],
          [
            -23.181761,
            15.130594
          ],
          [
            -23.181666,
            15.130585
          ],
          [
            -23.181577,
            15.130581
          ],
          [
            -23.181509,
            15.130575
          ],
          [
            -23.181466,
            15.130574
          ],
          [
            -23.181396,
            15.130572
          ],
          [
            -23.181309,
            15.130566
          ],
          [
            -23.181239,
            15.130562
          ],
          [
            -23.181171,
            15.130555
          ],
          [
            -23.181098,
            15.13055
          ],
          [
            -23.181029,
            15.130544
          ],
          [
            -23.18095,
            15.130536
          ],
          [
            -23.180715,
            15.130535
          ],
          [
            -23.180602,
            15.130535
          ],
          [
            -23.180528,
            15.130538
          ],
          [
            -23.180487,
            15.130545
          ],
          [
            -23.180372,
            15.130565
          ],
          [
            -23.180269,
            15.130586
          ],
          [
            -23.180201,
            15.130597
          ],
          [
            -23.180106,
            15.130601
          ],
          [
            -23.180031,
            15.130614
          ],
          [
            -23.179978,
            15.130629
          ],
          [
            -23.179932,
            15.130633
          ],
          [
            -23.179884,
            15.130628
          ],
          [
            -23.179842,
            15.130629
          ],
          [
            -23.17977,
            15.13063
          ],
          [
            -23.179726,
            15.130634
          ],
          [
            -23.179634,
            15.130645
          ],
          [
            -23.17949,
            15.130665
          ],
          [
            -23.179415,
            15.130676
          ],
          [
            -23.179343,
            15.130686
          ],
          [
            -23.179235,
            15.130704
          ],
          [
            -23.179113,
            15.130718
          ],
          [
            -23.17902,
            15.130728
          ],
          [
            -23.178842,
            15.130748
          ],
          [
            -23.178688,
            15.130769
          ],
          [
            -23.178485,
            15.130797
          ],
          [
            -23.17826,
            15.130829
          ],
          [
            -23.178083,
            15.130853
          ],
          [
            -23.17779,
            15.130889
          ],
          [
            -23.177663,
            15.130898
          ],
          [
            -23.177563,
            15.1309
          ],
          [
            -23.177422,
            15.130914
          ],
          [
            -23.177324,
            15.130929
          ],
          [
            -23.177119,
            15.13096
          ],
          [
            -23.177033,
            15.130977
          ],
          [
            -23.176868,
            15.130998
          ],
          [
            -23.176777,
            15.131008
          ],
          [
            -23.176643,
            15.13103
          ],
          [
            -23.176502,
            15.13105
          ],
          [
            -23.176412,
            15.13106
          ],
          [
            -23.176339,
            15.131069
          ],
          [
            -23.176247,
            15.131081
          ],
          [
            -23.176153,
            15.1311
          ],
          [
            -23.176126,
            15.131107
          ],
          [
            -23.176115,
            15.131111
          ],
          [
            -23.176095,
            15.131113
          ],
          [
            -23.176072,
            15.131113
          ],
          [
            -23.176037,
            15.131114
          ],
          [
            -23.176002,
            15.131115
          ],
          [
            -23.17593,
            15.131117
          ],
          [
            -23.175875,
            15.131129
          ],
          [
            -23.175834,
            15.131136
          ],
          [
            -23.17576,
            15.131144
          ],
          [
            -23.175707,
            15.131154
          ],
          [
            -23.175616,
            15.131167
          ],
          [
            -23.175541,
            15.131179
          ],
          [
            -23.175417,
            15.131194
          ],
          [
            -23.175317,
            15.131205
          ],
          [
            -23.17521,
            15.131219
          ],
          [
            -23.175134,
            15.131231
          ],
          [
            -23.175012,
            15.131248
          ],
          [
            -23.174865,
            15.131259
          ],
          [
            -23.174776,
            15.131266
          ],
          [
            -23.1747,
            15.131272
          ],
          [
            -23.174612,
            15.131278
          ],
          [
            -23.174548,
            15.131287
          ],
          [
            -23.174463,
            15.131304
          ],
          [
            -23.174353,
            15.131333
          ],
          [
            -23.174245,
            15.131357
          ],
          [
            -23.174106,
            15.131375
          ],
          [
            -23.174003,
            15.131388
          ],
          [
            -23.17389,
            15.131409
          ],
          [
            -23.173747,
            15.13143
          ],
          [
            -23.173653,
            15.131443
          ],
          [
            -23.173586,
            15.13145
          ],
          [
            -23.173437,
            15.131464
          ],
          [
            -23.173342,
            15.131475
          ],
          [
            -23.17326,
            15.131489
          ],
          [
            -23.17315,
            15.131503
          ],
          [
            -23.173115,
            15.131503
          ],
          [
            -23.173055,
            15.131504
          ],
          [
            -23.172991,
            15.131507
          ],
          [
            -23.172957,
            15.131504
          ],
          [
            -23.172913,
            15.131494
          ],
          [
            -23.17286,
            15.131479
          ],
          [
            -23.17283,
            15.131471
          ],
          [
            -23.172785,
            15.13146
          ],
          [
            -23.172732,
            15.131454
          ],
          [
            -23.172688,
            15.13144
          ],
          [
            -23.172642,
            15.131427
          ],
          [
            -23.172589,
            15.131427
          ],
          [
            -23.172515,
            15.131423
          ],
          [
            -23.172427,
            15.131411
          ],
          [
            -23.172361,
            15.131392
          ],
          [
            -23.172324,
            15.131373
          ],
          [
            -23.172285,
            15.131338
          ],
          [
            -23.172262,
            15.131316
          ],
          [
            -23.172247,
            15.131291
          ],
          [
            -23.172225,
            15.131236
          ],
          [
            -23.172203,
            15.131124
          ],
          [
            -23.172201,
            15.131006
          ],
          [
            -23.172198,
            15.130914
          ],
          [
            -23.172194,
            15.130901
          ],
          [
            -23.172163,
            15.130851
          ],
          [
            -23.172122,
            15.130825
          ],
          [
            -23.17207,
            15.130828
          ],
          [
            -23.172018,
            15.13084
          ],
          [
            -23.171969,
            15.130867
          ],
          [
            -23.171928,
            15.130896
          ],
          [
            -23.171873,
            15.130957
          ],
          [
            -23.171854,
            15.131024
          ],
          [
            -23.171832,
            15.131062
          ],
          [
            -23.17179,
            15.131125
          ],
          [
            -23.171764,
            15.131148
          ],
          [
            -23.171736,
            15.131158
          ],
          [
            -23.171697,
            15.131172
          ],
          [
            -23.171646,
            15.131206
          ],
          [
            -23.171588,
            15.131221
          ],
          [
            -23.17155,
            15.131236
          ],
          [
            -23.171514,
            15.131241
          ],
          [
            -23.171471,
            15.13127
          ],
          [
            -23.17143,
            15.131309
          ],
          [
            -23.171403,
            15.131349
          ],
          [
            -23.17138,
            15.131395
          ],
          [
            -23.171343,
            15.131446
          ],
          [
            -23.171328,
            15.131457
          ],
          [
            -23.171306,
            15.131464
          ],
          [
            -23.171282,
            15.13147
          ],
          [
            -23.171244,
            15.131475
          ],
          [
            -23.171193,
            15.131483
          ],
          [
            -23.171142,
            15.131493
          ],
          [
            -23.171122,
            15.131496
          ],
          [
            -23.171101,
            15.131502
          ],
          [
            -23.171087,
            15.131505
          ],
          [
            -23.171076,
            15.131508
          ],
          [
            -23.171067,
            15.13152
          ],
          [
            -23.171054,
            15.131537
          ],
          [
            -23.171028,
            15.13156
          ],
          [
            -23.171001,
            15.131566
          ],
          [
            -23.170962,
            15.131571
          ],
          [
            -23.170912,
            15.131573
          ],
          [
            -23.170857,
            15.131566
          ],
          [
            -23.170806,
            15.131559
          ],
          [
            -23.170726,
            15.131558
          ],
          [
            -23.170639,
            15.13157
          ],
          [
            -23.170561,
            15.131578
          ],
          [
            -23.170437,
            15.131598
          ],
          [
            -23.170364,
            15.131609
          ],
          [
            -23.17029,
            15.131621
          ],
          [
            -23.170206,
            15.131644
          ],
          [
            -23.170128,
            15.131681
          ],
          [
            -23.170051,
            15.131735
          ],
          [
            -23.169993,
            15.131766
          ],
          [
            -23.169934,
            15.131789
          ],
          [
            -23.169855,
            15.131811
          ],
          [
            -23.16975,
            15.131832
          ],
          [
            -23.16971,
            15.131834
          ],
          [
            -23.169631,
            15.131847
          ],
          [
            -23.16953,
            15.131855
          ],
          [
            -23.169456,
            15.131861
          ],
          [
            -23.169373,
            15.131862
          ],
          [
            -23.169319,
            15.131852
          ],
          [
            -23.169282,
            15.13184
          ],
          [
            -23.169223,
            15.131826
          ],
          [
            -23.169191,
            15.131822
          ],
          [
            -23.169149,
            15.131817
          ],
          [
            -23.169117,
            15.131818
          ],
          [
            -23.169087,
            15.131819
          ],
          [
            -23.16903,
            15.131823
          ],
          [
            -23.168995,
            15.131822
          ],
          [
            -23.168946,
            15.131819
          ],
          [
            -23.168898,
            15.131808
          ],
          [
            -23.168839,
            15.131801
          ],
          [
            -23.16876,
            15.131794
          ],
          [
            -23.168682,
            15.131784
          ],
          [
            -23.168535,
            15.131767
          ],
          [
            -23.168462,
            15.131757
          ],
          [
            -23.168333,
            15.131738
          ],
          [
            -23.168161,
            15.131709
          ],
          [
            -23.168045,
            15.131697
          ],
          [
            -23.167911,
            15.131678
          ],
          [
            -23.167873,
            15.13167
          ],
          [
            -23.167802,
            15.131661
          ],
          [
            -23.167713,
            15.131649
          ],
          [
            -23.167589,
            15.131626
          ],
          [
            -23.167451,
            15.131602
          ],
          [
            -23.167384,
            15.131587
          ],
          [
            -23.167335,
            15.131575
          ],
          [
            -23.1673,
            15.131568
          ],
          [
            -23.167255,
            15.13156
          ],
          [
            -23.167193,
            15.131546
          ],
          [
            -23.167151,
            15.131536
          ],
          [
            -23.167079,
            15.131527
          ],
          [
            -23.167025,
            15.131518
          ],
          [
            -23.166974,
            15.131514
          ],
          [
            -23.166931,
            15.131511
          ],
          [
            -23.166874,
            15.131501
          ],
          [
            -23.166831,
            15.131494
          ],
          [
            -23.166809,
            15.131489
          ],
          [
            -23.166792,
            15.131487
          ],
          [
            -23.166773,
            15.131483
          ],
          [
            -23.166745,
            15.13148
          ],
          [
            -23.16672,
            15.131475
          ],
          [
            -23.166691,
            15.131471
          ],
          [
            -23.16663,
            15.131459
          ],
          [
            -23.166593,
            15.131451
          ],
          [
            -23.166549,
            15.131444
          ],
          [
            -23.166511,
            15.131438
          ],
          [
            -23.166478,
            15.131434
          ],
          [
            -23.16644,
            15.131428
          ],
          [
            -23.166408,
            15.131422
          ],
          [
            -23.166353,
            15.131416
          ],
          [
            -23.166223,
            15.131399
          ],
          [
            -23.166176,
            15.131392
          ],
          [
            -23.166123,
            15.131384
          ],
          [
            -23.166072,
            15.131379
          ],
          [
            -23.166003,
            15.131367
          ],
          [
            -23.165946,
            15.131359
          ],
          [
            -23.165885,
            15.131348
          ],
          [
            -23.165781,
            15.131335
          ],
          [
            -23.165691,
            15.131324
          ],
          [
            -23.165624,
            15.131318
          ],
          [
            -23.165576,
            15.13131
          ],
          [
            -23.165476,
            15.131296
          ],
          [
            -23.165377,
            15.131284
          ],
          [
            -23.165286,
            15.131274
          ],
          [
            -23.165164,
            15.13126
          ],
          [
            -23.165045,
            15.131248
          ],
          [
            -23.164943,
            15.131238
          ],
          [
            -23.164817,
            15.131225
          ],
          [
            -23.164664,
            15.131209
          ],
          [
            -23.164602,
            15.131203
          ],
          [
            -23.164556,
            15.1312
          ],
          [
            -23.164503,
            15.131196
          ],
          [
            -23.164454,
            15.131193
          ],
          [
            -23.164393,
            15.131187
          ],
          [
            -23.164339,
            15.131181
          ],
          [
            -23.164296,
            15.13118
          ],
          [
            -23.164256,
            15.131176
          ],
          [
            -23.164206,
            15.13117
          ],
          [
            -23.164147,
            15.131165
          ],
          [
            -23.164108,
            15.131161
          ],
          [
            -23.164059,
            15.131159
          ],
          [
            -23.16401,
            15.131157
          ],
          [
            -23.163944,
            15.131153
          ],
          [
            -23.163817,
            15.13114
          ],
          [
            -23.163745,
            15.131132
          ],
          [
            -23.163666,
            15.131128
          ],
          [
            -23.163618,
            15.131127
          ],
          [
            -23.163554,
            15.131129
          ],
          [
            -23.163518,
            15.131132
          ],
          [
            -23.163468,
            15.131146
          ],
          [
            -23.163411,
            15.131176
          ],
          [
            -23.16338,
            15.131185
          ],
          [
            -23.163325,
            15.131197
          ],
          [
            -23.163279,
            15.131208
          ],
          [
            -23.163217,
            15.131221
          ],
          [
            -23.163171,
            15.131236
          ],
          [
            -23.163118,
            15.131246
          ],
          [
            -23.163017,
            15.131278
          ],
          [
            -23.16295,
            15.1313
          ],
          [
            -23.162903,
            15.131315
          ],
          [
            -23.162849,
            15.13133
          ],
          [
            -23.162812,
            15.131336
          ],
          [
            -23.162751,
            15.131349
          ],
          [
            -23.162712,
            15.131357
          ],
          [
            -23.16268,
            15.131366
          ],
          [
            -23.16265,
            15.131375
          ],
          [
            -23.162594,
            15.131396
          ],
          [
            -23.162562,
            15.131423
          ],
          [
            -23.162528,
            15.131445
          ],
          [
            -23.162484,
            15.131472
          ],
          [
            -23.162454,
            15.131493
          ],
          [
            -23.162423,
            15.13151
          ],
          [
            -23.162399,
            15.131526
          ],
          [
            -23.16237,
            15.131539
          ],
          [
            -23.162343,
            15.131556
          ],
          [
            -23.162265,
            15.131618
          ],
          [
            -23.162201,
            15.131674
          ],
          [
            -23.162159,
            15.131723
          ],
          [
            -23.162116,
            15.131769
          ],
          [
            -23.162064,
            15.13183
          ],
          [
            -23.161982,
            15.131931
          ],
          [
            -23.16193,
            15.132008
          ],
          [
            -23.161851,
            15.132116
          ],
          [
            -23.161759,
            15.132236
          ],
          [
            -23.161637,
            15.132389
          ],
          [
            -23.161536,
            15.132499
          ],
          [
            -23.161433,
            15.132608
          ],
          [
            -23.161392,
            15.132652
          ],
          [
            -23.161356,
            15.132694
          ],
          [
            -23.161335,
            15.132745
          ],
          [
            -23.161325,
            15.13284
          ],
          [
            -23.161305,
            15.133053
          ],
          [
            -23.161301,
            15.133191
          ],
          [
            -23.161284,
            15.133326
          ],
          [
            -23.161274,
            15.133395
          ],
          [
            -23.161267,
            15.133463
          ],
          [
            -23.161268,
            15.133521
          ],
          [
            -23.161277,
            15.133608
          ],
          [
            -23.161283,
            15.133689
          ],
          [
            -23.161275,
            15.133751
          ],
          [
            -23.161264,
            15.133785
          ],
          [
            -23.161245,
            15.133811
          ],
          [
            -23.161208,
            15.133814
          ],
          [
            -23.161158,
            15.133795
          ],
          [
            -23.161119,
            15.133777
          ],
          [
            -23.161085,
            15.133767
          ],
          [
            -23.161049,
            15.133764
          ],
          [
            -23.161027,
            15.133771
          ],
          [
            -23.161005,
            15.13378
          ],
          [
            -23.160992,
            15.133794
          ],
          [
            -23.160966,
            15.133827
          ],
          [
            -23.16095,
            15.133897
          ],
          [
            -23.160944,
            15.133948
          ],
          [
            -23.160935,
            15.133971
          ],
          [
            -23.160903,
            15.133965
          ],
          [
            -23.160849,
            15.133939
          ],
          [
            -23.160749,
            15.133872
          ],
          [
            -23.160673,
            15.133827
          ],
          [
            -23.160614,
            15.133776
          ],
          [
            -23.160556,
            15.13372
          ],
          [
            -23.160395,
            15.133586
          ],
          [
            -23.160292,
            15.133498
          ],
          [
            -23.160211,
            15.133439
          ],
          [
            -23.160165,
            15.133394
          ],
          [
            -23.160095,
            15.133305
          ],
          [
            -23.160042,
            15.133199
          ],
          [
            -23.15998,
            15.133093
          ],
          [
            -23.1599,
            15.132961
          ],
          [
            -23.159829,
            15.132826
          ],
          [
            -23.159789,
            15.132777
          ],
          [
            -23.159723,
            15.132742
          ],
          [
            -23.159646,
            15.13269
          ],
          [
            -23.15957,
            15.132654
          ],
          [
            -23.159521,
            15.132638
          ],
          [
            -23.159527,
            15.132783
          ],
          [
            -23.159516,
            15.132911
          ],
          [
            -23.159505,
            15.133161
          ],
          [
            -23.159523,
            15.13332
          ],
          [
            -23.159539,
            15.133391
          ],
          [
            -23.15963,
            15.133585
          ],
          [
            -23.159658,
            15.133669
          ],
          [
            -23.159697,
            15.133813
          ],
          [
            -23.159739,
            15.133929
          ],
          [
            -23.159774,
            15.134012
          ],
          [
            -23.159773,
            15.134061
          ],
          [
            -23.159776,
            15.134101
          ],
          [
            -23.159747,
            15.134171
          ],
          [
            -23.15971,
            15.134224
          ],
          [
            -23.159657,
            15.134287
          ],
          [
            -23.159608,
            15.134314
          ],
          [
            -23.159554,
            15.134334
          ],
          [
            -23.159518,
            15.13435
          ],
          [
            -23.1595,
            15.13436
          ],
          [
            -23.159483,
            15.134373
          ],
          [
            -23.159464,
            15.134387
          ],
          [
            -23.159455,
            15.134395
          ],
          [
            -23.159458,
            15.134426
          ],
          [
            -23.159481,
            15.134597
          ],
          [
            -23.159493,
            15.134648
          ],
          [
            -23.15952,
            15.134827
          ],
          [
            -23.159542,
            15.134928
          ],
          [
            -23.159546,
            15.134977
          ],
          [
            -23.159545,
            15.135118
          ],
          [
            -23.159538,
            15.135228
          ],
          [
            -23.159532,
            15.135275
          ],
          [
            -23.159532,
            15.135279
          ]
        ]
      }
    },
    {
      "type": "Feature",
      "properties": {
        "id": "maio-offroad-2026-5-1",
        "name": "Maio Offroad — Percurso 4×4 Suzuki",
        "name_pt": "Maio Offroad — Percurso 4×4 Suzuki",
        "name_en": "Maio Offroad — Suzuki 4×4 Route",
        "category": "offroad",
        "vehicle": "4x4",
        "year": 2026,
        "source": "QField field survey",
        "distance_km_total": 112.3
      },
      "geometry": {
        "type": "LineString",
        "coordinates": [
          [
            -23.159532,
            15.135278
          ],
          [
            -23.15951,
            15.135285
          ],
          [
            -23.159466,
            15.135296
          ],
          [
            -23.159421,
            15.135304
          ],
          [
            -23.159389,
            15.135309
          ],
          [
            -23.159356,
            15.135328
          ],
          [
            -23.159315,
            15.135356
          ],
          [
            -23.159288,
            15.135363
          ],
          [
            -23.159276,
            15.135361
          ],
          [
            -23.159252,
            15.135362
          ],
          [
            -23.159194,
            15.135359
          ],
          [
            -23.159139,
            15.13536
          ],
          [
            -23.159072,
            15.135367
          ],
          [
            -23.159027,
            15.13537
          ],
          [
            -23.158981,
            15.135367
          ],
          [
            -23.15889,
            15.135364
          ],
          [
            -23.158791,
            15.135361
          ],
          [
            -23.158745,
            15.135366
          ],
          [
            -23.158693,
            15.13537
          ],
          [
            -23.158629,
            15.135369
          ],
          [
            -23.158558,
            15.135373
          ],
          [
            -23.158511,
            15.135376
          ],
          [
            -23.158448,
            15.135382
          ],
          [
            -23.158422,
            15.135384
          ],
          [
            -23.158387,
            15.135386
          ],
          [
            -23.158357,
            15.135389
          ],
          [
            -23.158327,
            15.135391
          ],
          [
            -23.158314,
            15.135392
          ],
          [
            -23.158303,
            15.135394
          ],
          [
            -23.158274,
            15.135399
          ],
          [
            -23.158235,
            15.135406
          ],
          [
            -23.158202,
            15.135412
          ],
          [
            -23.158175,
            15.135419
          ],
          [
            -23.15816,
            15.13542
          ],
          [
            -23.158143,
            15.135421
          ],
          [
            -23.158131,
            15.135421
          ],
          [
            -23.158113,
            15.135423
          ],
          [
            -23.158099,
            15.135423
          ],
          [
            -23.158083,
            15.135424
          ],
          [
            -23.158071,
            15.135425
          ],
          [
            -23.158064,
            15.135426
          ],
          [
            -23.158056,
            15.135427
          ],
          [
            -23.158048,
            15.135428
          ],
          [
            -23.15804,
            15.135429
          ],
          [
            -23.158033,
            15.13543
          ],
          [
            -23.158019,
            15.135433
          ],
          [
            -23.15801,
            15.135434
          ],
          [
            -23.157996,
            15.135436
          ],
          [
            -23.15797,
            15.135439
          ],
          [
            -23.157959,
            15.13544
          ],
          [
            -23.157935,
            15.135441
          ],
          [
            -23.15792,
            15.135441
          ],
          [
            -23.15791,
            15.135442
          ],
          [
            -23.157802,
            15.135446
          ],
          [
            -23.157726,
            15.135454
          ],
          [
            -23.15763,
            15.135465
          ],
          [
            -23.157566,
            15.135476
          ],
          [
            -23.157476,
            15.135486
          ],
          [
            -23.157402,
            15.135497
          ],
          [
            -23.157299,
            15.135509
          ],
          [
            -23.15719,
            15.135528
          ],
          [
            -23.157071,
            15.135551
          ],
          [
            -23.156994,
            15.135569
          ],
          [
            -23.156836,
            15.135605
          ],
          [
            -23.156708,
            15.135623
          ],
          [
            -23.156621,
            15.135635
          ],
          [
            -23.156536,
            15.135643
          ],
          [
            -23.156476,
            15.135651
          ],
          [
            -23.156422,
            15.135672
          ],
          [
            -23.156361,
            15.135693
          ],
          [
            -23.156318,
            15.13572
          ],
          [
            -23.156282,
            15.135753
          ],
          [
            -23.156259,
            15.13579
          ],
          [
            -23.156219,
            15.135827
          ],
          [
            -23.156153,
            15.135855
          ],
          [
            -23.156086,
            15.13588
          ],
          [
            -23.155997,
            15.135902
          ],
          [
            -23.155946,
            15.135913
          ],
          [
            -23.155904,
            15.135932
          ],
          [
            -23.155875,
            15.135947
          ],
          [
            -23.155827,
            15.135967
          ],
          [
            -23.155798,
            15.135985
          ],
          [
            -23.155755,
            15.136006
          ],
          [
            -23.155687,
            15.136061
          ],
          [
            -23.155626,
            15.1361
          ],
          [
            -23.155581,
            15.136127
          ],
          [
            -23.155554,
            15.136139
          ],
          [
            -23.155538,
            15.136144
          ],
          [
            -23.155522,
            15.136146
          ],
          [
            -23.155479,
            15.136153
          ],
          [
            -23.155449,
            15.136162
          ],
          [
            -23.155402,
            15.136185
          ],
          [
            -23.155354,
            15.13621
          ],
          [
            -23.155256,
            15.136283
          ],
          [
            -23.155187,
            15.136337
          ],
          [
            -23.155131,
            15.136371
          ],
          [
            -23.155083,
            15.136412
          ],
          [
            -23.155048,
            15.136437
          ],
          [
            -23.154995,
            15.136459
          ],
          [
            -23.154967,
            15.136469
          ],
          [
            -23.154938,
            15.136481
          ],
          [
            -23.154865,
            15.136524
          ],
          [
            -23.154832,
            15.136547
          ],
          [
            -23.15481,
            15.13656
          ],
          [
            -23.154768,
            15.13658
          ],
          [
            -23.154734,
            15.136598
          ],
          [
            -23.154697,
            15.136618
          ],
          [
            -23.154621,
            15.13666
          ],
          [
            -23.15457,
            15.136687
          ],
          [
            -23.15452,
            15.136708
          ],
          [
            -23.154456,
            15.136731
          ],
          [
            -23.154383,
            15.136749
          ],
          [
            -23.154343,
            15.136762
          ],
          [
            -23.154299,
            15.136765
          ],
          [
            -23.154226,
            15.136771
          ],
          [
            -23.154157,
            15.136776
          ],
          [
            -23.154128,
            15.136783
          ],
          [
            -23.154101,
            15.136783
          ],
          [
            -23.154082,
            15.136782
          ],
          [
            -23.154058,
            15.136774
          ],
          [
            -23.154031,
            15.136772
          ],
          [
            -23.154003,
            15.136775
          ],
          [
            -23.153875,
            15.13679
          ],
          [
            -23.153796,
            15.136798
          ],
          [
            -23.153734,
            15.136804
          ],
          [
            -23.153659,
            15.136815
          ],
          [
            -23.153605,
            15.136821
          ],
          [
            -23.153532,
            15.136832
          ],
          [
            -23.153466,
            15.136845
          ],
          [
            -23.15341,
            15.136866
          ],
          [
            -23.153316,
            15.136901
          ],
          [
            -23.15315,
            15.136984
          ],
          [
            -23.153101,
            15.137013
          ],
          [
            -23.153037,
            15.137061
          ],
          [
            -23.152983,
            15.137085
          ],
          [
            -23.152929,
            15.137111
          ],
          [
            -23.152869,
            15.137143
          ],
          [
            -23.152819,
            15.137182
          ],
          [
            -23.152769,
            15.137221
          ],
          [
            -23.152721,
            15.137246
          ],
          [
            -23.152705,
            15.13725
          ],
          [
            -23.15267,
            15.137226
          ],
          [
            -23.152615,
            15.137174
          ],
          [
            -23.152547,
            15.13711
          ],
          [
            -23.152477,
            15.137045
          ],
          [
            -23.15239,
            15.136963
          ],
          [
            -23.152333,
            15.136911
          ],
          [
            -23.152277,
            15.13686
          ],
          [
            -23.152249,
            15.136843
          ],
          [
            -23.152209,
            15.13683
          ],
          [
            -23.152164,
            15.13683
          ],
          [
            -23.152101,
            15.136839
          ],
          [
            -23.152034,
            15.136845
          ],
          [
            -23.151962,
            15.136853
          ],
          [
            -23.151922,
            15.136862
          ],
          [
            -23.151898,
            15.136866
          ],
          [
            -23.151867,
            15.136878
          ],
          [
            -23.151835,
            15.136898
          ],
          [
            -23.151796,
            15.136917
          ],
          [
            -23.151763,
            15.136937
          ],
          [
            -23.151723,
            15.136959
          ],
          [
            -23.151673,
            15.136981
          ],
          [
            -23.151622,
            15.137011
          ],
          [
            -23.151573,
            15.137037
          ],
          [
            -23.151517,
            15.137068
          ],
          [
            -23.151448,
            15.137098
          ],
          [
            -23.151387,
            15.13711
          ],
          [
            -23.151339,
            15.13712
          ],
          [
            -23.151301,
            15.137125
          ],
          [
            -23.151267,
            15.137126
          ],
          [
            -23.151229,
            15.137126
          ],
          [
            -23.151176,
            15.137126
          ],
          [
            -23.151089,
            15.137127
          ],
          [
            -23.151018,
            15.137131
          ],
          [
            -23.150978,
            15.137126
          ],
          [
            -23.150925,
            15.137123
          ],
          [
            -23.150866,
            15.13711
          ],
          [
            -23.150819,
            15.137098
          ],
          [
            -23.15077,
            15.137075
          ],
          [
            -23.150735,
            15.137057
          ],
          [
            -23.150681,
            15.137036
          ],
          [
            -23.150603,
            15.136997
          ],
          [
            -23.15055,
            15.136965
          ],
          [
            -23.150512,
            15.136945
          ],
          [
            -23.150433,
            15.13691
          ],
          [
            -23.150388,
            15.136889
          ],
          [
            -23.150349,
            15.136865
          ],
          [
            -23.150332,
            15.136851
          ],
          [
            -23.150315,
            15.136823
          ],
          [
            -23.150288,
            15.136762
          ],
          [
            -23.150278,
            15.136718
          ],
          [
            -23.150253,
            15.136667
          ],
          [
            -23.15023,
            15.136609
          ],
          [
            -23.150217,
            15.136501
          ],
          [
            -23.150223,
            15.13646
          ],
          [
            -23.150221,
            15.136397
          ],
          [
            -23.150226,
            15.136345
          ],
          [
            -23.150228,
            15.136291
          ],
          [
            -23.150222,
            15.136253
          ],
          [
            -23.150211,
            15.136176
          ],
          [
            -23.150213,
            15.136133
          ],
          [
            -23.1502,
            15.136088
          ],
          [
            -23.150195,
            15.136045
          ],
          [
            -23.150184,
            15.135996
          ],
          [
            -23.150179,
            15.135955
          ],
          [
            -23.150173,
            15.135926
          ],
          [
            -23.150159,
            15.135896
          ],
          [
            -23.150146,
            15.135864
          ],
          [
            -23.150131,
            15.135823
          ],
          [
            -23.150121,
            15.135783
          ],
          [
            -23.15011,
            15.135743
          ],
          [
            -23.150099,
            15.135707
          ],
          [
            -23.150097,
            15.135693
          ],
          [
            -23.150093,
            15.135647
          ],
          [
            -23.15009,
            15.135614
          ],
          [
            -23.150088,
            15.135592
          ],
          [
            -23.150081,
            15.135558
          ],
          [
            -23.150074,
            15.135537
          ],
          [
            -23.15007,
            15.135514
          ],
          [
            -23.150059,
            15.135487
          ],
          [
            -23.150047,
            15.135461
          ],
          [
            -23.150034,
            15.135444
          ],
          [
            -23.150014,
            15.135426
          ],
          [
            -23.149996,
            15.135411
          ],
          [
            -23.149973,
            15.135396
          ],
          [
            -23.149931,
            15.135377
          ],
          [
            -23.149888,
            15.135358
          ],
          [
            -23.149849,
            15.135349
          ],
          [
            -23.149811,
            15.13534
          ],
          [
            -23.149756,
            15.135328
          ],
          [
            -23.14971,
            15.135319
          ],
          [
            -23.149662,
            15.135315
          ],
          [
            -23.149635,
            15.135311
          ],
          [
            -23.14961,
            15.135308
          ],
          [
            -23.149593,
            15.135305
          ],
          [
            -23.149557,
            15.135303
          ],
          [
            -23.149524,
            15.1353
          ],
          [
            -23.149489,
            15.135302
          ],
          [
            -23.149471,
            15.135305
          ],
          [
            -23.149444,
            15.135311
          ],
          [
            -23.149414,
            15.135321
          ],
          [
            -23.149377,
            15.135332
          ],
          [
            -23.149338,
            15.135337
          ],
          [
            -23.149311,
            15.135338
          ],
          [
            -23.149273,
            15.135337
          ],
          [
            -23.149249,
            15.135336
          ],
          [
            -23.149215,
            15.13534
          ],
          [
            -23.149192,
            15.135341
          ],
          [
            -23.149166,
            15.135344
          ],
          [
            -23.149146,
            15.13535
          ],
          [
            -23.149129,
            15.135352
          ],
          [
            -23.149119,
            15.135353
          ],
          [
            -23.149107,
            15.135351
          ],
          [
            -23.149095,
            15.135349
          ],
          [
            -23.149067,
            15.135343
          ],
          [
            -23.149053,
            15.135338
          ],
          [
            -23.149033,
            15.135327
          ],
          [
            -23.14901,
            15.135319
          ],
          [
            -23.148959,
            15.135297
          ],
          [
            -23.14894,
            15.13529
          ],
          [
            -23.14893,
            15.135288
          ],
          [
            -23.148911,
            15.135283
          ],
          [
            -23.148889,
            15.135278
          ],
          [
            -23.148858,
            15.135273
          ],
          [
            -23.148799,
            15.135264
          ],
          [
            -23.148764,
            15.135261
          ],
          [
            -23.148713,
            15.135253
          ],
          [
            -23.148675,
            15.135249
          ],
          [
            -23.148617,
            15.135243
          ],
          [
            -23.148589,
            15.13524
          ],
          [
            -23.14857,
            15.13524
          ],
          [
            -23.148527,
            15.13524
          ],
          [
            -23.148499,
            15.135241
          ],
          [
            -23.148484,
            15.135244
          ],
          [
            -23.148463,
            15.135245
          ],
          [
            -23.148445,
            15.135249
          ],
          [
            -23.148346,
            15.135257
          ],
          [
            -23.148278,
            15.13526
          ],
          [
            -23.148222,
            15.135254
          ],
          [
            -23.148185,
            15.135252
          ],
          [
            -23.148135,
            15.135246
          ],
          [
            -23.148092,
            15.135244
          ],
          [
            -23.148053,
            15.135246
          ],
          [
            -23.148012,
            15.13525
          ],
          [
            -23.147982,
            15.135251
          ],
          [
            -23.147944,
            15.135258
          ],
          [
            -23.147916,
            15.135263
          ],
          [
            -23.147879,
            15.135275
          ],
          [
            -23.147846,
            15.135291
          ],
          [
            -23.147813,
            15.135305
          ],
          [
            -23.147763,
            15.135329
          ],
          [
            -23.147718,
            15.135345
          ],
          [
            -23.147652,
            15.135355
          ],
          [
            -23.147593,
            15.135365
          ],
          [
            -23.147523,
            15.135369
          ],
          [
            -23.147458,
            15.135371
          ],
          [
            -23.14741,
            15.135371
          ],
          [
            -23.14735,
            15.135366
          ],
          [
            -23.147272,
            15.135358
          ],
          [
            -23.147219,
            15.135353
          ],
          [
            -23.147169,
            15.135349
          ],
          [
            -23.147098,
            15.135344
          ],
          [
            -23.147023,
            15.135336
          ],
          [
            -23.14697,
            15.135335
          ],
          [
            -23.146945,
            15.135332
          ],
          [
            -23.146882,
            15.135323
          ],
          [
            -23.146842,
            15.135311
          ],
          [
            -23.146802,
            15.135294
          ],
          [
            -23.146765,
            15.135278
          ],
          [
            -23.146725,
            15.135267
          ],
          [
            -23.146697,
            15.135259
          ],
          [
            -23.146669,
            15.135256
          ],
          [
            -23.146652,
            15.135256
          ],
          [
            -23.146612,
            15.135261
          ],
          [
            -23.146564,
            15.135267
          ],
          [
            -23.14648,
            15.135288
          ],
          [
            -23.146435,
            15.135298
          ],
          [
            -23.146393,
            15.135305
          ],
          [
            -23.146332,
            15.135317
          ],
          [
            -23.146289,
            15.135325
          ],
          [
            -23.146224,
            15.135344
          ],
          [
            -23.146159,
            15.135372
          ],
          [
            -23.146067,
            15.1354
          ],
          [
            -23.145998,
            15.135418
          ],
          [
            -23.145971,
            15.135423
          ],
          [
            -23.145927,
            15.135427
          ],
          [
            -23.145886,
            15.135433
          ],
          [
            -23.145868,
            15.135437
          ],
          [
            -23.14584,
            15.135449
          ],
          [
            -23.145812,
            15.135459
          ],
          [
            -23.145782,
            15.135468
          ],
          [
            -23.145746,
            15.135474
          ],
          [
            -23.145712,
            15.135481
          ],
          [
            -23.145674,
            15.135491
          ],
          [
            -23.145652,
            15.135498
          ],
          [
            -23.145625,
            15.135504
          ],
          [
            -23.145606,
            15.135511
          ],
          [
            -23.145569,
            15.135535
          ],
          [
            -23.145505,
            15.135584
          ],
          [
            -23.145461,
            15.135619
          ],
          [
            -23.14534,
            15.135714
          ],
          [
            -23.145286,
            15.135758
          ],
          [
            -23.145244,
            15.135783
          ],
          [
            -23.145207,
            15.135807
          ],
          [
            -23.145177,
            15.135822
          ],
          [
            -23.145141,
            15.135834
          ],
          [
            -23.145111,
            15.135842
          ],
          [
            -23.145089,
            15.135842
          ],
          [
            -23.145033,
            15.135848
          ],
          [
            -23.144982,
            15.13585
          ],
          [
            -23.144915,
            15.13586
          ],
          [
            -23.144884,
            15.135874
          ],
          [
            -23.144844,
            15.135895
          ],
          [
            -23.144796,
            15.135917
          ],
          [
            -23.144756,
            15.13593
          ],
          [
            -23.144723,
            15.135945
          ],
          [
            -23.144696,
            15.135956
          ],
          [
            -23.144651,
            15.135988
          ],
          [
            -23.144582,
            15.136028
          ],
          [
            -23.144503,
            15.136084
          ],
          [
            -23.14443,
            15.136135
          ],
          [
            -23.144381,
            15.136173
          ],
          [
            -23.144352,
            15.136199
          ],
          [
            -23.144326,
            15.136218
          ],
          [
            -23.144289,
            15.136229
          ],
          [
            -23.144198,
            15.136239
          ],
          [
            -23.144163,
            15.136239
          ],
          [
            -23.144149,
            15.136244
          ],
          [
            -23.144126,
            15.136252
          ],
          [
            -23.144089,
            15.136264
          ],
          [
            -23.144066,
            15.136272
          ],
          [
            -23.144017,
            15.136295
          ],
          [
            -23.143972,
            15.136317
          ],
          [
            -23.143933,
            15.136344
          ],
          [
            -23.143873,
            15.136374
          ],
          [
            -23.143835,
            15.136392
          ],
          [
            -23.143761,
            15.136433
          ],
          [
            -23.143723,
            15.136452
          ],
          [
            -23.143691,
            15.136473
          ],
          [
            -23.143615,
            15.13653
          ],
          [
            -23.143578,
            15.136562
          ],
          [
            -23.143501,
            15.136618
          ],
          [
            -23.143458,
            15.136642
          ],
          [
            -23.143394,
            15.136656
          ],
          [
            -23.143306,
            15.13667
          ],
          [
            -23.143232,
            15.136686
          ],
          [
            -23.143161,
            15.136697
          ],
          [
            -23.143081,
            15.136712
          ],
          [
            -23.142969,
            15.13671
          ],
          [
            -23.142887,
            15.136706
          ],
          [
            -23.14282,
            15.136702
          ],
          [
            -23.142753,
            15.136708
          ],
          [
            -23.142681,
            15.136722
          ],
          [
            -23.142608,
            15.136733
          ],
          [
            -23.142552,
            15.13674
          ],
          [
            -23.142402,
            15.136756
          ],
          [
            -23.142359,
            15.136764
          ],
          [
            -23.142306,
            15.136769
          ],
          [
            -23.142242,
            15.136777
          ],
          [
            -23.142194,
            15.13679
          ],
          [
            -23.142152,
            15.136802
          ],
          [
            -23.142097,
            15.136819
          ],
          [
            -23.142048,
            15.136837
          ],
          [
            -23.142015,
            15.13685
          ],
          [
            -23.141977,
            15.136871
          ],
          [
            -23.141897,
            15.136927
          ],
          [
            -23.141844,
            15.136967
          ],
          [
            -23.141779,
            15.137022
          ],
          [
            -23.141658,
            15.13712
          ],
          [
            -23.141576,
            15.137192
          ],
          [
            -23.141474,
            15.137284
          ],
          [
            -23.141421,
            15.137336
          ],
          [
            -23.141369,
            15.137417
          ],
          [
            -23.141348,
            15.137458
          ],
          [
            -23.141316,
            15.137526
          ],
          [
            -23.141298,
            15.13758
          ],
          [
            -23.141275,
            15.137689
          ],
          [
            -23.141257,
            15.137754
          ],
          [
            -23.141239,
            15.137806
          ],
          [
            -23.141227,
            15.137847
          ],
          [
            -23.141197,
            15.137967
          ],
          [
            -23.141183,
            15.138033
          ],
          [
            -23.141157,
            15.138198
          ],
          [
            -23.141148,
            15.138234
          ],
          [
            -23.141126,
            15.138286
          ],
          [
            -23.141085,
            15.13836
          ],
          [
            -23.14104,
            15.13842
          ],
          [
            -23.140999,
            15.138461
          ],
          [
            -23.140932,
            15.138518
          ],
          [
            -23.140903,
            15.138543
          ],
          [
            -23.140889,
            15.138562
          ],
          [
            -23.140871,
            15.138583
          ],
          [
            -23.140845,
            15.138635
          ],
          [
            -23.140833,
            15.138664
          ],
          [
            -23.140814,
            15.138725
          ],
          [
            -23.140775,
            15.138857
          ],
          [
            -23.140743,
            15.138959
          ],
          [
            -23.140724,
            15.139019
          ],
          [
            -23.140702,
            15.13908
          ],
          [
            -23.140678,
            15.139133
          ],
          [
            -23.140642,
            15.139209
          ],
          [
            -23.140621,
            15.139258
          ],
          [
            -23.1406,
            15.139312
          ],
          [
            -23.140567,
            15.139376
          ],
          [
            -23.140533,
            15.13944
          ],
          [
            -23.140468,
            15.139584
          ],
          [
            -23.140445,
            15.139648
          ],
          [
            -23.140426,
            15.139753
          ],
          [
            -23.140399,
            15.139907
          ],
          [
            -23.140388,
            15.140012
          ],
          [
            -23.140377,
            15.14006
          ],
          [
            -23.140365,
            15.140083
          ],
          [
            -23.140306,
            15.140138
          ],
          [
            -23.140246,
            15.140184
          ],
          [
            -23.140224,
            15.140205
          ],
          [
            -23.140206,
            15.14022
          ],
          [
            -23.140185,
            15.140245
          ],
          [
            -23.140171,
            15.140265
          ],
          [
            -23.140164,
            15.140282
          ],
          [
            -23.140156,
            15.140304
          ],
          [
            -23.140137,
            15.140356
          ],
          [
            -23.140127,
            15.140401
          ],
          [
            -23.140123,
            15.140431
          ],
          [
            -23.140121,
            15.140468
          ],
          [
            -23.140124,
            15.140524
          ],
          [
            -23.140123,
            15.140556
          ],
          [
            -23.140117,
            15.140594
          ],
          [
            -23.140102,
            15.140644
          ],
          [
            -23.140079,
            15.140689
          ],
          [
            -23.140057,
            15.14073
          ],
          [
            -23.140042,
            15.14078
          ],
          [
            -23.140026,
            15.140844
          ],
          [
            -23.140014,
            15.140897
          ],
          [
            -23.14,
            15.140971
          ],
          [
            -23.139998,
            15.141005
          ],
          [
            -23.139986,
            15.14104
          ],
          [
            -23.139969,
            15.141141
          ],
          [
            -23.13996,
            15.141222
          ],
          [
            -23.13995,
            15.141295
          ],
          [
            -23.139946,
            15.141347
          ],
          [
            -23.139929,
            15.141419
          ],
          [
            -23.139914,
            15.141472
          ],
          [
            -23.139883,
            15.141544
          ],
          [
            -23.139852,
            15.141621
          ],
          [
            -23.139827,
            15.141699
          ],
          [
            -23.139794,
            15.141796
          ],
          [
            -23.139761,
            15.141858
          ],
          [
            -23.139712,
            15.141924
          ],
          [
            -23.13968,
            15.141955
          ],
          [
            -23.139593,
            15.142041
          ],
          [
            -23.139536,
            15.142094
          ],
          [
            -23.139487,
            15.142135
          ],
          [
            -23.139436,
            15.142183
          ],
          [
            -23.139353,
            15.142253
          ],
          [
            -23.139326,
            15.142279
          ],
          [
            -23.139296,
            15.142304
          ],
          [
            -23.139248,
            15.142347
          ],
          [
            -23.139211,
            15.142379
          ],
          [
            -23.13918,
            15.14241
          ],
          [
            -23.139158,
            15.142433
          ],
          [
            -23.139118,
            15.142478
          ],
          [
            -23.139068,
            15.142524
          ],
          [
            -23.139046,
            15.142547
          ],
          [
            -23.139018,
            15.142582
          ],
          [
            -23.139005,
            15.142599
          ],
          [
            -23.138993,
            15.142619
          ],
          [
            -23.13898,
            15.142652
          ],
          [
            -23.13897,
            15.142692
          ],
          [
            -23.138954,
            15.142745
          ],
          [
            -23.138942,
            15.142799
          ],
          [
            -23.138927,
            15.142865
          ],
          [
            -23.138922,
            15.142885
          ],
          [
            -23.138901,
            15.142973
          ],
          [
            -23.138888,
            15.143016
          ],
          [
            -23.138868,
            15.143102
          ],
          [
            -23.138844,
            15.143219
          ],
          [
            -23.138825,
            15.143284
          ],
          [
            -23.138819,
            15.143317
          ],
          [
            -23.138801,
            15.143368
          ],
          [
            -23.138785,
            15.143427
          ],
          [
            -23.138768,
            15.143492
          ],
          [
            -23.13874,
            15.143572
          ],
          [
            -23.138723,
            15.143613
          ],
          [
            -23.138689,
            15.143691
          ],
          [
            -23.138673,
            15.143733
          ],
          [
            -23.138656,
            15.143791
          ],
          [
            -23.138643,
            15.143832
          ],
          [
            -23.138613,
            15.143906
          ],
          [
            -23.138593,
            15.143954
          ],
          [
            -23.138573,
            15.143987
          ],
          [
            -23.138526,
            15.144041
          ],
          [
            -23.138472,
            15.144094
          ],
          [
            -23.138409,
            15.14416
          ],
          [
            -23.13836,
            15.14421
          ],
          [
            -23.13831,
            15.14426
          ],
          [
            -23.138271,
            15.144306
          ],
          [
            -23.13825,
            15.144322
          ],
          [
            -23.138225,
            15.14434
          ],
          [
            -23.138195,
            15.144353
          ],
          [
            -23.138139,
            15.144369
          ],
          [
            -23.138107,
            15.144381
          ],
          [
            -23.138086,
            15.144393
          ],
          [
            -23.138064,
            15.144407
          ],
          [
            -23.13804,
            15.144428
          ],
          [
            -23.137991,
            15.144468
          ],
          [
            -23.137941,
            15.144509
          ],
          [
            -23.137893,
            15.144553
          ],
          [
            -23.13786,
            15.144588
          ],
          [
            -23.137825,
            15.144635
          ],
          [
            -23.13781,
            15.144659
          ],
          [
            -23.137803,
            15.144686
          ],
          [
            -23.137788,
            15.144762
          ],
          [
            -23.137783,
            15.144786
          ],
          [
            -23.137779,
            15.144822
          ],
          [
            -23.137774,
            15.144876
          ],
          [
            -23.137771,
            15.144904
          ],
          [
            -23.137766,
            15.144942
          ],
          [
            -23.137759,
            15.145016
          ],
          [
            -23.137748,
            15.145073
          ],
          [
            -23.137731,
            15.145139
          ],
          [
            -23.137707,
            15.1452
          ],
          [
            -23.137684,
            15.145259
          ],
          [
            -23.137643,
            15.145352
          ],
          [
            -23.137612,
            15.145431
          ],
          [
            -23.137587,
            15.145489
          ],
          [
            -23.137577,
            15.14551
          ]
        ]
      }
    },
    {
      "type": "Feature",
      "properties": {
        "id": "maio-offroad-2026-6-1",
        "name": "Maio Offroad — Percurso 4×4 Suzuki",
        "name_pt": "Maio Offroad — Percurso 4×4 Suzuki",
        "name_en": "Maio Offroad — Suzuki 4×4 Route",
        "category": "offroad",
        "vehicle": "4x4",
        "year": 2026,
        "source": "QField field survey",
        "distance_km_total": 112.3
      },
      "geometry": {
        "type": "LineString",
        "coordinates": [
          [
            -23.137577,
            15.14551
          ],
          [
            -23.137575,
            15.145514
          ],
          [
            -23.137565,
            15.145534
          ],
          [
            -23.137544,
            15.145577
          ],
          [
            -23.137527,
            15.14561
          ],
          [
            -23.137508,
            15.145644
          ],
          [
            -23.13748,
            15.145705
          ],
          [
            -23.137466,
            15.145741
          ],
          [
            -23.137446,
            15.145786
          ],
          [
            -23.137415,
            15.145861
          ],
          [
            -23.137401,
            15.145894
          ],
          [
            -23.137378,
            15.145962
          ],
          [
            -23.137371,
            15.145981
          ],
          [
            -23.137358,
            15.146045
          ],
          [
            -23.137353,
            15.146081
          ],
          [
            -23.13735,
            15.146152
          ],
          [
            -23.137353,
            15.14621
          ],
          [
            -23.137361,
            15.146283
          ],
          [
            -23.137361,
            15.146331
          ],
          [
            -23.137356,
            15.146373
          ],
          [
            -23.137343,
            15.146426
          ],
          [
            -23.137329,
            15.14646
          ],
          [
            -23.137316,
            15.146495
          ],
          [
            -23.137302,
            15.146562
          ],
          [
            -23.137295,
            15.146585
          ],
          [
            -23.137284,
            15.146671
          ],
          [
            -23.137276,
            15.146741
          ],
          [
            -23.137263,
            15.146854
          ],
          [
            -23.137262,
            15.146961
          ],
          [
            -23.13726,
            15.147049
          ],
          [
            -23.137257,
            15.147065
          ],
          [
            -23.137248,
            15.14711
          ],
          [
            -23.137228,
            15.147194
          ],
          [
            -23.137223,
            15.147237
          ],
          [
            -23.137212,
            15.147304
          ],
          [
            -23.137199,
            15.147372
          ],
          [
            -23.13719,
            15.147422
          ],
          [
            -23.137173,
            15.14749
          ],
          [
            -23.137164,
            15.147534
          ],
          [
            -23.137148,
            15.147596
          ],
          [
            -23.137137,
            15.147654
          ],
          [
            -23.137124,
            15.147715
          ],
          [
            -23.137114,
            15.147755
          ],
          [
            -23.137105,
            15.147779
          ],
          [
            -23.137087,
            15.147827
          ],
          [
            -23.137075,
            15.14786
          ],
          [
            -23.137055,
            15.147917
          ],
          [
            -23.137038,
            15.147972
          ],
          [
            -23.137034,
            15.147992
          ],
          [
            -23.137025,
            15.148023
          ],
          [
            -23.137002,
            15.148119
          ],
          [
            -23.136979,
            15.148227
          ],
          [
            -23.136971,
            15.148263
          ],
          [
            -23.136957,
            15.148307
          ],
          [
            -23.136939,
            15.14838
          ],
          [
            -23.136924,
            15.148444
          ],
          [
            -23.13691,
            15.148493
          ],
          [
            -23.136894,
            15.148543
          ],
          [
            -23.13688,
            15.148575
          ],
          [
            -23.136849,
            15.148644
          ],
          [
            -23.136836,
            15.148674
          ],
          [
            -23.136791,
            15.148741
          ],
          [
            -23.136764,
            15.148773
          ],
          [
            -23.136713,
            15.148827
          ],
          [
            -23.136647,
            15.148883
          ],
          [
            -23.136608,
            15.148916
          ],
          [
            -23.13658,
            15.148943
          ],
          [
            -23.136556,
            15.148972
          ],
          [
            -23.136544,
            15.149006
          ],
          [
            -23.136541,
            15.149026
          ],
          [
            -23.136535,
            15.149095
          ],
          [
            -23.13655,
            15.149161
          ],
          [
            -23.136578,
            15.149245
          ],
          [
            -23.136586,
            15.149269
          ],
          [
            -23.13662,
            15.149357
          ],
          [
            -23.136657,
            15.149434
          ],
          [
            -23.136693,
            15.149501
          ],
          [
            -23.136735,
            15.149577
          ],
          [
            -23.136757,
            15.149624
          ],
          [
            -23.136783,
            15.149682
          ],
          [
            -23.136792,
            15.14972
          ],
          [
            -23.136785,
            15.149741
          ],
          [
            -23.136762,
            15.149777
          ]
        ]
      }
    },
    {
      "type": "Feature",
      "properties": {
        "id": "maio-offroad-2026-7-1",
        "name": "Maio Offroad — Percurso 4×4 Suzuki",
        "name_pt": "Maio Offroad — Percurso 4×4 Suzuki",
        "name_en": "Maio Offroad — Suzuki 4×4 Route",
        "category": "offroad",
        "vehicle": "4x4",
        "year": 2026,
        "source": "QField field survey",
        "distance_km_total": 112.3
      },
      "geometry": {
        "type": "LineString",
        "coordinates": [
          [
            -23.136762,
            15.149777
          ],
          [
            -23.136761,
            15.149779
          ],
          [
            -23.13676,
            15.149779
          ],
          [
            -23.136757,
            15.149777
          ],
          [
            -23.136735,
            15.149763
          ],
          [
            -23.136627,
            15.149696
          ],
          [
            -23.136554,
            15.149648
          ],
          [
            -23.136443,
            15.149576
          ],
          [
            -23.136281,
            15.149465
          ],
          [
            -23.136172,
            15.149382
          ],
          [
            -23.136056,
            15.149303
          ],
          [
            -23.135935,
            15.149213
          ],
          [
            -23.135849,
            15.149153
          ],
          [
            -23.135797,
            15.149114
          ],
          [
            -23.135659,
            15.149044
          ],
          [
            -23.135403,
            15.148941
          ],
          [
            -23.135226,
            15.148868
          ],
          [
            -23.134975,
            15.148759
          ],
          [
            -23.134854,
            15.148711
          ],
          [
            -23.134762,
            15.148672
          ],
          [
            -23.134676,
            15.148637
          ],
          [
            -23.134615,
            15.1486
          ],
          [
            -23.134541,
            15.148552
          ],
          [
            -23.134432,
            15.148474
          ],
          [
            -23.134305,
            15.148383
          ],
          [
            -23.134065,
            15.148214
          ],
          [
            -23.13382,
            15.148043
          ],
          [
            -23.133746,
            15.14799
          ],
          [
            -23.133674,
            15.147902
          ],
          [
            -23.133559,
            15.147774
          ],
          [
            -23.133443,
            15.147643
          ],
          [
            -23.133295,
            15.147479
          ],
          [
            -23.133165,
            15.147326
          ],
          [
            -23.133082,
            15.147235
          ],
          [
            -23.132948,
            15.147075
          ],
          [
            -23.132842,
            15.146952
          ],
          [
            -23.132621,
            15.146695
          ],
          [
            -23.1324,
            15.14644
          ],
          [
            -23.132131,
            15.146109
          ],
          [
            -23.131963,
            15.14592
          ],
          [
            -23.131829,
            15.14572
          ],
          [
            -23.131736,
            15.145557
          ],
          [
            -23.131633,
            15.145356
          ],
          [
            -23.131533,
            15.145196
          ],
          [
            -23.13151,
            15.145158
          ],
          [
            -23.131466,
            15.145119
          ],
          [
            -23.131416,
            15.145072
          ],
          [
            -23.131323,
            15.145013
          ],
          [
            -23.131265,
            15.144978
          ],
          [
            -23.131165,
            15.144926
          ],
          [
            -23.131074,
            15.144868
          ],
          [
            -23.130975,
            15.144816
          ],
          [
            -23.130908,
            15.144788
          ],
          [
            -23.130848,
            15.144773
          ],
          [
            -23.130788,
            15.144771
          ],
          [
            -23.130699,
            15.144779
          ],
          [
            -23.130635,
            15.144786
          ],
          [
            -23.130401,
            15.144843
          ],
          [
            -23.130245,
            15.144888
          ],
          [
            -23.130131,
            15.144912
          ],
          [
            -23.130017,
            15.144939
          ],
          [
            -23.129892,
            15.144967
          ],
          [
            -23.129768,
            15.144996
          ],
          [
            -23.12971,
            15.145019
          ],
          [
            -23.129503,
            15.145067
          ],
          [
            -23.129383,
            15.145105
          ],
          [
            -23.129253,
            15.145147
          ],
          [
            -23.129114,
            15.145188
          ],
          [
            -23.12898,
            15.145235
          ],
          [
            -23.128873,
            15.145273
          ],
          [
            -23.128494,
            15.145404
          ],
          [
            -23.128361,
            15.145456
          ],
          [
            -23.12821,
            15.145512
          ],
          [
            -23.128073,
            15.145564
          ],
          [
            -23.127908,
            15.145622
          ],
          [
            -23.127807,
            15.145657
          ],
          [
            -23.127692,
            15.145697
          ],
          [
            -23.127541,
            15.14574
          ],
          [
            -23.127412,
            15.145757
          ],
          [
            -23.127338,
            15.145767
          ],
          [
            -23.127175,
            15.145761
          ],
          [
            -23.127078,
            15.145756
          ],
          [
            -23.126994,
            15.145751
          ],
          [
            -23.126887,
            15.145738
          ],
          [
            -23.12678,
            15.145728
          ],
          [
            -23.126614,
            15.145712
          ],
          [
            -23.126439,
            15.145693
          ],
          [
            -23.126366,
            15.145685
          ],
          [
            -23.126257,
            15.145668
          ],
          [
            -23.126176,
            15.145651
          ],
          [
            -23.126086,
            15.145619
          ],
          [
            -23.125926,
            15.145554
          ],
          [
            -23.125782,
            15.145492
          ],
          [
            -23.125589,
            15.145414
          ],
          [
            -23.12547,
            15.145359
          ],
          [
            -23.125398,
            15.145328
          ],
          [
            -23.125324,
            15.145309
          ],
          [
            -23.125273,
            15.145303
          ],
          [
            -23.125157,
            15.145289
          ],
          [
            -23.125027,
            15.145282
          ],
          [
            -23.124919,
            15.145279
          ],
          [
            -23.124785,
            15.14527
          ],
          [
            -23.124678,
            15.145262
          ],
          [
            -23.124611,
            15.145251
          ],
          [
            -23.124536,
            15.145224
          ],
          [
            -23.124437,
            15.14518
          ],
          [
            -23.12435,
            15.145136
          ],
          [
            -23.124251,
            15.145091
          ],
          [
            -23.124159,
            15.145043
          ],
          [
            -23.124085,
            15.14499
          ],
          [
            -23.123996,
            15.144925
          ],
          [
            -23.123886,
            15.144835
          ],
          [
            -23.123759,
            15.144719
          ],
          [
            -23.123702,
            15.144669
          ],
          [
            -23.12365,
            15.144624
          ],
          [
            -23.123585,
            15.144586
          ],
          [
            -23.123511,
            15.144543
          ],
          [
            -23.12345,
            15.144521
          ],
          [
            -23.123392,
            15.144498
          ],
          [
            -23.123351,
            15.144494
          ],
          [
            -23.123276,
            15.144489
          ],
          [
            -23.123206,
            15.144494
          ],
          [
            -23.123138,
            15.144487
          ],
          [
            -23.123028,
            15.144461
          ],
          [
            -23.122934,
            15.144442
          ],
          [
            -23.122841,
            15.144436
          ],
          [
            -23.122733,
            15.144426
          ],
          [
            -23.122683,
            15.144409
          ],
          [
            -23.122571,
            15.144398
          ],
          [
            -23.12249,
            15.144381
          ],
          [
            -23.122368,
            15.144366
          ],
          [
            -23.122264,
            15.144353
          ],
          [
            -23.122173,
            15.144335
          ],
          [
            -23.122018,
            15.144286
          ],
          [
            -23.1219,
            15.144239
          ],
          [
            -23.121804,
            15.144189
          ],
          [
            -23.121711,
            15.144152
          ],
          [
            -23.121644,
            15.144128
          ],
          [
            -23.121564,
            15.144093
          ],
          [
            -23.12155,
            15.144087
          ],
          [
            -23.121455,
            15.144052
          ],
          [
            -23.121394,
            15.144023
          ],
          [
            -23.12131,
            15.14399
          ],
          [
            -23.121221,
            15.143965
          ],
          [
            -23.121163,
            15.143942
          ],
          [
            -23.121097,
            15.143919
          ],
          [
            -23.121054,
            15.143897
          ],
          [
            -23.121012,
            15.143888
          ],
          [
            -23.121003,
            15.143901
          ],
          [
            -23.120951,
            15.144019
          ],
          [
            -23.120864,
            15.144228
          ],
          [
            -23.120826,
            15.144288
          ],
          [
            -23.120776,
            15.144415
          ],
          [
            -23.120739,
            15.144515
          ],
          [
            -23.120731,
            15.144547
          ]
        ]
      }
    },
    {
      "type": "Feature",
      "properties": {
        "id": "maio-offroad-2026-8-1",
        "name": "Maio Offroad — Percurso 4×4 Suzuki",
        "name_pt": "Maio Offroad — Percurso 4×4 Suzuki",
        "name_en": "Maio Offroad — Suzuki 4×4 Route",
        "category": "offroad",
        "vehicle": "4x4",
        "year": 2026,
        "source": "QField field survey",
        "distance_km_total": 112.3
      },
      "geometry": {
        "type": "LineString",
        "coordinates": [
          [
            -23.120732,
            15.144547
          ],
          [
            -23.120732,
            15.144558
          ],
          [
            -23.120737,
            15.144621
          ],
          [
            -23.12076,
            15.144668
          ],
          [
            -23.120774,
            15.144704
          ],
          [
            -23.120786,
            15.144732
          ],
          [
            -23.120803,
            15.144756
          ],
          [
            -23.120818,
            15.144771
          ],
          [
            -23.120846,
            15.144801
          ],
          [
            -23.120878,
            15.144825
          ],
          [
            -23.120915,
            15.144852
          ],
          [
            -23.120934,
            15.144869
          ],
          [
            -23.120952,
            15.144886
          ],
          [
            -23.120975,
            15.144904
          ],
          [
            -23.120994,
            15.144919
          ],
          [
            -23.121021,
            15.144934
          ],
          [
            -23.121071,
            15.144952
          ],
          [
            -23.121131,
            15.144976
          ],
          [
            -23.121169,
            15.144992
          ],
          [
            -23.121202,
            15.145012
          ],
          [
            -23.121282,
            15.145042
          ],
          [
            -23.121341,
            15.145075
          ],
          [
            -23.1214,
            15.145106
          ],
          [
            -23.121456,
            15.145138
          ],
          [
            -23.121498,
            15.145164
          ],
          [
            -23.121528,
            15.145204
          ],
          [
            -23.121558,
            15.145265
          ],
          [
            -23.121574,
            15.145293
          ],
          [
            -23.121589,
            15.145318
          ],
          [
            -23.121599,
            15.145364
          ],
          [
            -23.121609,
            15.145386
          ],
          [
            -23.121634,
            15.145448
          ],
          [
            -23.121665,
            15.145525
          ],
          [
            -23.121678,
            15.145571
          ],
          [
            -23.12168,
            15.145624
          ],
          [
            -23.12168,
            15.145652
          ],
          [
            -23.121683,
            15.145685
          ],
          [
            -23.121692,
            15.145739
          ],
          [
            -23.121692,
            15.145808
          ],
          [
            -23.121695,
            15.145858
          ],
          [
            -23.121698,
            15.145891
          ],
          [
            -23.121706,
            15.146001
          ],
          [
            -23.121706,
            15.146057
          ],
          [
            -23.121701,
            15.146085
          ],
          [
            -23.121696,
            15.146097
          ],
          [
            -23.121684,
            15.146109
          ],
          [
            -23.121636,
            15.146135
          ],
          [
            -23.121602,
            15.146152
          ],
          [
            -23.121545,
            15.146177
          ],
          [
            -23.121515,
            15.146195
          ],
          [
            -23.121468,
            15.146216
          ],
          [
            -23.121433,
            15.146241
          ],
          [
            -23.121367,
            15.146291
          ],
          [
            -23.121349,
            15.146299
          ],
          [
            -23.121328,
            15.146311
          ],
          [
            -23.121297,
            15.146324
          ],
          [
            -23.121265,
            15.146341
          ],
          [
            -23.121232,
            15.146353
          ],
          [
            -23.1212,
            15.146364
          ],
          [
            -23.121163,
            15.146375
          ],
          [
            -23.12114,
            15.14638
          ],
          [
            -23.121098,
            15.146391
          ],
          [
            -23.121073,
            15.146396
          ],
          [
            -23.121054,
            15.1464
          ],
          [
            -23.121036,
            15.146399
          ],
          [
            -23.121005,
            15.146397
          ],
          [
            -23.120971,
            15.1464
          ],
          [
            -23.120953,
            15.1464
          ],
          [
            -23.120928,
            15.146397
          ],
          [
            -23.120905,
            15.1464
          ],
          [
            -23.120883,
            15.146404
          ],
          [
            -23.120863,
            15.146408
          ],
          [
            -23.12085,
            15.146411
          ],
          [
            -23.12083,
            15.14642
          ],
          [
            -23.120808,
            15.146433
          ],
          [
            -23.120782,
            15.146446
          ],
          [
            -23.12076,
            15.146466
          ],
          [
            -23.120737,
            15.146479
          ],
          [
            -23.120695,
            15.146506
          ],
          [
            -23.120662,
            15.146528
          ],
          [
            -23.120629,
            15.146541
          ],
          [
            -23.120598,
            15.146552
          ],
          [
            -23.120548,
            15.146559
          ],
          [
            -23.120465,
            15.14657
          ],
          [
            -23.120374,
            15.146572
          ],
          [
            -23.12032,
            15.146573
          ],
          [
            -23.120266,
            15.146573
          ],
          [
            -23.120174,
            15.146577
          ],
          [
            -23.120087,
            15.146577
          ],
          [
            -23.120028,
            15.146572
          ],
          [
            -23.119969,
            15.14656
          ],
          [
            -23.119909,
            15.146551
          ],
          [
            -23.11987,
            15.146538
          ],
          [
            -23.119834,
            15.14652
          ],
          [
            -23.119803,
            15.146503
          ],
          [
            -23.119767,
            15.146478
          ],
          [
            -23.119742,
            15.146457
          ],
          [
            -23.119723,
            15.146439
          ],
          [
            -23.119702,
            15.146418
          ],
          [
            -23.119676,
            15.146392
          ],
          [
            -23.119656,
            15.146378
          ],
          [
            -23.119638,
            15.146362
          ],
          [
            -23.11962,
            15.146352
          ],
          [
            -23.119605,
            15.146345
          ],
          [
            -23.119586,
            15.146342
          ],
          [
            -23.119562,
            15.146337
          ],
          [
            -23.11952,
            15.146333
          ],
          [
            -23.119472,
            15.146331
          ],
          [
            -23.119446,
            15.146335
          ],
          [
            -23.119408,
            15.146338
          ],
          [
            -23.119343,
            15.146347
          ],
          [
            -23.119303,
            15.14635
          ],
          [
            -23.119267,
            15.146348
          ],
          [
            -23.119229,
            15.146353
          ],
          [
            -23.119197,
            15.146356
          ],
          [
            -23.119178,
            15.146362
          ],
          [
            -23.11915,
            15.146373
          ],
          [
            -23.11913,
            15.146379
          ],
          [
            -23.119079,
            15.146391
          ],
          [
            -23.11904,
            15.146397
          ],
          [
            -23.118996,
            15.146396
          ],
          [
            -23.118947,
            15.146394
          ],
          [
            -23.118915,
            15.146392
          ],
          [
            -23.118883,
            15.146389
          ],
          [
            -23.118848,
            15.146386
          ],
          [
            -23.118814,
            15.146391
          ],
          [
            -23.118785,
            15.146405
          ],
          [
            -23.118746,
            15.14643
          ],
          [
            -23.118715,
            15.146445
          ],
          [
            -23.118672,
            15.14648
          ],
          [
            -23.118647,
            15.146514
          ],
          [
            -23.118626,
            15.146543
          ],
          [
            -23.118608,
            15.146561
          ],
          [
            -23.118587,
            15.146601
          ],
          [
            -23.118569,
            15.146642
          ],
          [
            -23.118548,
            15.146685
          ],
          [
            -23.11854,
            15.146714
          ],
          [
            -23.118527,
            15.146758
          ],
          [
            -23.118523,
            15.146795
          ],
          [
            -23.118519,
            15.14682
          ],
          [
            -23.11852,
            15.146842
          ],
          [
            -23.118526,
            15.146861
          ],
          [
            -23.118534,
            15.146891
          ],
          [
            -23.118546,
            15.146917
          ],
          [
            -23.118572,
            15.146966
          ],
          [
            -23.118604,
            15.147017
          ],
          [
            -23.118631,
            15.147064
          ],
          [
            -23.118663,
            15.14712
          ],
          [
            -23.118683,
            15.147153
          ],
          [
            -23.118707,
            15.147174
          ],
          [
            -23.118735,
            15.1472
          ],
          [
            -23.118809,
            15.147249
          ],
          [
            -23.118839,
            15.147263
          ],
          [
            -23.118864,
            15.147287
          ],
          [
            -23.118888,
            15.147313
          ],
          [
            -23.118906,
            15.147343
          ],
          [
            -23.118925,
            15.147375
          ],
          [
            -23.118936,
            15.147409
          ],
          [
            -23.118955,
            15.147463
          ],
          [
            -23.118967,
            15.147505
          ],
          [
            -23.11897,
            15.147556
          ],
          [
            -23.118959,
            15.147633
          ],
          [
            -23.118954,
            15.147677
          ],
          [
            -23.118956,
            15.14772
          ],
          [
            -23.118973,
            15.147752
          ],
          [
            -23.118991,
            15.147782
          ],
          [
            -23.119025,
            15.147819
          ],
          [
            -23.11906,
            15.147851
          ],
          [
            -23.119083,
            15.147875
          ],
          [
            -23.119099,
            15.147899
          ],
          [
            -23.119107,
            15.14793
          ],
          [
            -23.119111,
            15.14796
          ],
          [
            -23.119111,
            15.147982
          ],
          [
            -23.119089,
            15.148034
          ],
          [
            -23.119068,
            15.148067
          ],
          [
            -23.119046,
            15.148098
          ],
          [
            -23.119003,
            15.148161
          ],
          [
            -23.118988,
            15.148185
          ],
          [
            -23.118971,
            15.148223
          ],
          [
            -23.118954,
            15.148265
          ],
          [
            -23.11893,
            15.148333
          ],
          [
            -23.118925,
            15.148397
          ],
          [
            -23.118916,
            15.148467
          ],
          [
            -23.118919,
            15.148523
          ],
          [
            -23.118919,
            15.148622
          ],
          [
            -23.118921,
            15.148692
          ],
          [
            -23.118926,
            15.148756
          ],
          [
            -23.118946,
            15.148819
          ],
          [
            -23.118984,
            15.148898
          ],
          [
            -23.119029,
            15.14896
          ],
          [
            -23.119089,
            15.149025
          ],
          [
            -23.119134,
            15.149085
          ],
          [
            -23.119159,
            15.149149
          ],
          [
            -23.119181,
            15.149212
          ],
          [
            -23.119193,
            15.149282
          ],
          [
            -23.119192,
            15.149333
          ],
          [
            -23.119167,
            15.149419
          ],
          [
            -23.119129,
            15.149515
          ],
          [
            -23.119107,
            15.149567
          ],
          [
            -23.119094,
            15.149621
          ],
          [
            -23.119089,
            15.149671
          ],
          [
            -23.11909,
            15.149733
          ],
          [
            -23.11909,
            15.149779
          ],
          [
            -23.119075,
            15.149839
          ],
          [
            -23.119042,
            15.149938
          ],
          [
            -23.119026,
            15.150021
          ],
          [
            -23.119024,
            15.150054
          ],
          [
            -23.119022,
            15.150127
          ],
          [
            -23.119022,
            15.150193
          ],
          [
            -23.119026,
            15.150256
          ],
          [
            -23.119024,
            15.150293
          ],
          [
            -23.119018,
            15.150324
          ],
          [
            -23.11899,
            15.15038
          ],
          [
            -23.118958,
            15.15042
          ],
          [
            -23.118919,
            15.150462
          ],
          [
            -23.118889,
            15.150509
          ],
          [
            -23.118858,
            15.150555
          ],
          [
            -23.118833,
            15.150587
          ],
          [
            -23.118815,
            15.150625
          ],
          [
            -23.118781,
            15.150657
          ],
          [
            -23.118748,
            15.150684
          ],
          [
            -23.118713,
            15.150704
          ],
          [
            -23.118689,
            15.150721
          ],
          [
            -23.118657,
            15.150741
          ],
          [
            -23.118588,
            15.150775
          ],
          [
            -23.118536,
            15.150796
          ],
          [
            -23.118485,
            15.150818
          ],
          [
            -23.118417,
            15.15085
          ],
          [
            -23.118355,
            15.150879
          ],
          [
            -23.118302,
            15.150913
          ],
          [
            -23.118218,
            15.150973
          ],
          [
            -23.118153,
            15.151023
          ],
          [
            -23.118083,
            15.15107
          ],
          [
            -23.118022,
            15.151107
          ],
          [
            -23.11798,
            15.151141
          ],
          [
            -23.117925,
            15.151168
          ],
          [
            -23.117879,
            15.151205
          ],
          [
            -23.117829,
            15.151258
          ],
          [
            -23.117773,
            15.151324
          ],
          [
            -23.117731,
            15.151359
          ],
          [
            -23.117674,
            15.151377
          ],
          [
            -23.1176,
            15.151396
          ],
          [
            -23.117509,
            15.151421
          ],
          [
            -23.11745,
            15.151438
          ],
          [
            -23.117286,
            15.151471
          ],
          [
            -23.117233,
            15.151477
          ],
          [
            -23.117183,
            15.151487
          ],
          [
            -23.117079,
            15.151507
          ],
          [
            -23.117016,
            15.151516
          ],
          [
            -23.11697,
            15.15152
          ],
          [
            -23.116914,
            15.151528
          ],
          [
            -23.116869,
            15.151542
          ],
          [
            -23.1168,
            15.151559
          ],
          [
            -23.116735,
            15.151575
          ],
          [
            -23.116684,
            15.151589
          ],
          [
            -23.116643,
            15.151589
          ],
          [
            -23.116606,
            15.151599
          ],
          [
            -23.116571,
            15.151622
          ],
          [
            -23.116555,
            15.151638
          ],
          [
            -23.11654,
            15.151657
          ],
          [
            -23.116504,
            15.151707
          ],
          [
            -23.116478,
            15.151752
          ],
          [
            -23.116463,
            15.151783
          ],
          [
            -23.11644,
            15.15181
          ],
          [
            -23.11641,
            15.151829
          ],
          [
            -23.116384,
            15.151838
          ],
          [
            -23.116357,
            15.151844
          ],
          [
            -23.116327,
            15.151845
          ],
          [
            -23.116282,
            15.151841
          ],
          [
            -23.116241,
            15.151843
          ],
          [
            -23.116193,
            15.151844
          ],
          [
            -23.116151,
            15.15185
          ],
          [
            -23.116123,
            15.151851
          ],
          [
            -23.116087,
            15.151857
          ],
          [
            -23.116049,
            15.151873
          ],
          [
            -23.116028,
            15.151889
          ],
          [
            -23.116007,
            15.151902
          ],
          [
            -23.115988,
            15.151921
          ],
          [
            -23.115969,
            15.151948
          ],
          [
            -23.115941,
            15.151995
          ],
          [
            -23.115891,
            15.152049
          ],
          [
            -23.11583,
            15.152103
          ],
          [
            -23.115774,
            15.152156
          ],
          [
            -23.115728,
            15.152188
          ],
          [
            -23.115689,
            15.15222
          ],
          [
            -23.115644,
            15.152244
          ],
          [
            -23.115582,
            15.152262
          ],
          [
            -23.115536,
            15.152281
          ],
          [
            -23.115479,
            15.152302
          ],
          [
            -23.115432,
            15.152312
          ],
          [
            -23.115386,
            15.152322
          ],
          [
            -23.115363,
            15.152325
          ],
          [
            -23.115347,
            15.152327
          ],
          [
            -23.115337,
            15.152334
          ],
          [
            -23.115324,
            15.15234
          ],
          [
            -23.115309,
            15.152344
          ],
          [
            -23.115288,
            15.152351
          ],
          [
            -23.115256,
            15.152359
          ],
          [
            -23.115216,
            15.152373
          ],
          [
            -23.115176,
            15.152387
          ],
          [
            -23.115086,
            15.152426
          ],
          [
            -23.115039,
            15.152441
          ],
          [
            -23.115005,
            15.15245
          ],
          [
            -23.114947,
            15.152457
          ],
          [
            -23.11492,
            15.152466
          ],
          [
            -23.114881,
            15.152484
          ],
          [
            -23.114854,
            15.152501
          ],
          [
            -23.114825,
            15.152527
          ],
          [
            -23.114771,
            15.152571
          ],
          [
            -23.114745,
            15.152616
          ],
          [
            -23.114702,
            15.152669
          ],
          [
            -23.114673,
            15.152711
          ],
          [
            -23.114629,
            15.152768
          ],
          [
            -23.11461,
            15.152789
          ],
          [
            -23.114561,
            15.152853
          ],
          [
            -23.114519,
            15.152897
          ],
          [
            -23.114491,
            15.152936
          ],
          [
            -23.114462,
            15.152964
          ],
          [
            -23.114422,
            15.152998
          ],
          [
            -23.114391,
            15.153012
          ],
          [
            -23.114362,
            15.153029
          ],
          [
            -23.114333,
            15.153057
          ],
          [
            -23.114316,
            15.153085
          ],
          [
            -23.114273,
            15.153138
          ],
          [
            -23.114233,
            15.153195
          ],
          [
            -23.114213,
            15.153239
          ],
          [
            -23.114189,
            15.153296
          ],
          [
            -23.11416,
            15.153378
          ],
          [
            -23.114152,
            15.153408
          ],
          [
            -23.114122,
            15.153496
          ],
          [
            -23.114099,
            15.153553
          ],
          [
            -23.114065,
            15.153598
          ],
          [
            -23.114033,
            15.153629
          ],
          [
            -23.114,
            15.153659
          ],
          [
            -23.113969,
            15.153691
          ],
          [
            -23.113923,
            15.153753
          ],
          [
            -23.113898,
            15.153787
          ],
          [
            -23.113864,
            15.153829
          ],
          [
            -23.113824,
            15.153865
          ],
          [
            -23.113782,
            15.153893
          ],
          [
            -23.113747,
            15.153915
          ],
          [
            -23.113715,
            15.153929
          ],
          [
            -23.11369,
            15.153935
          ],
          [
            -23.113651,
            15.153948
          ],
          [
            -23.113603,
            15.153962
          ],
          [
            -23.113561,
            15.153974
          ],
          [
            -23.113509,
            15.153986
          ],
          [
            -23.113441,
            15.154005
          ],
          [
            -23.113414,
            15.154015
          ],
          [
            -23.113392,
            15.154027
          ],
          [
            -23.113375,
            15.154042
          ],
          [
            -23.113363,
            15.154059
          ],
          [
            -23.113351,
            15.154075
          ],
          [
            -23.113342,
            15.154098
          ],
          [
            -23.113339,
            15.154114
          ],
          [
            -23.113331,
            15.154139
          ],
          [
            -23.113329,
            15.154162
          ],
          [
            -23.113323,
            15.154196
          ],
          [
            -23.113322,
            15.154226
          ],
          [
            -23.113318,
            15.154246
          ],
          [
            -23.113312,
            15.154268
          ],
          [
            -23.113305,
            15.154283
          ],
          [
            -23.113296,
            15.154297
          ],
          [
            -23.113281,
            15.154316
          ],
          [
            -23.11327,
            15.154332
          ],
          [
            -23.113254,
            15.154363
          ],
          [
            -23.113239,
            15.154388
          ],
          [
            -23.113218,
            15.15442
          ],
          [
            -23.113201,
            15.154446
          ],
          [
            -23.113184,
            15.154462
          ],
          [
            -23.113147,
            15.154492
          ],
          [
            -23.113104,
            15.15452
          ],
          [
            -23.113075,
            15.154542
          ],
          [
            -23.113044,
            15.154563
          ],
          [
            -23.113,
            15.154595
          ],
          [
            -23.112928,
            15.154642
          ],
          [
            -23.112865,
            15.154687
          ],
          [
            -23.112815,
            15.154724
          ],
          [
            -23.112777,
            15.154753
          ],
          [
            -23.112749,
            15.154769
          ],
          [
            -23.112724,
            15.154778
          ],
          [
            -23.112682,
            15.154789
          ],
          [
            -23.112623,
            15.154801
          ],
          [
            -23.112568,
            15.154808
          ],
          [
            -23.112548,
            15.154812
          ],
          [
            -23.112526,
            15.15482
          ],
          [
            -23.112508,
            15.154832
          ],
          [
            -23.112494,
            15.154846
          ],
          [
            -23.112476,
            15.154877
          ],
          [
            -23.112438,
            15.154947
          ],
          [
            -23.112415,
            15.155011
          ],
          [
            -23.112365,
            15.155077
          ],
          [
            -23.112324,
            15.155126
          ],
          [
            -23.112291,
            15.155173
          ],
          [
            -23.112239,
            15.155223
          ],
          [
            -23.112184,
            15.155279
          ],
          [
            -23.112153,
            15.155309
          ],
          [
            -23.112115,
            15.155348
          ],
          [
            -23.112084,
            15.15539
          ],
          [
            -23.112048,
            15.155467
          ],
          [
            -23.112027,
            15.155533
          ],
          [
            -23.112013,
            15.155584
          ],
          [
            -23.111989,
            15.155637
          ],
          [
            -23.111956,
            15.155677
          ],
          [
            -23.111912,
            15.155708
          ],
          [
            -23.111864,
            15.155737
          ],
          [
            -23.111828,
            15.15576
          ],
          [
            -23.111791,
            15.155798
          ],
          [
            -23.111761,
            15.155842
          ],
          [
            -23.111744,
            15.155876
          ],
          [
            -23.111724,
            15.155926
          ],
          [
            -23.111719,
            15.15595
          ],
          [
            -23.111709,
            15.155986
          ],
          [
            -23.111701,
            15.156054
          ],
          [
            -23.111694,
            15.156109
          ],
          [
            -23.111686,
            15.156148
          ],
          [
            -23.111668,
            15.156196
          ],
          [
            -23.111649,
            15.156235
          ],
          [
            -23.111639,
            15.156271
          ],
          [
            -23.111629,
            15.156303
          ],
          [
            -23.111622,
            15.156323
          ],
          [
            -23.111614,
            15.156355
          ],
          [
            -23.111602,
            15.156391
          ],
          [
            -23.111588,
            15.156418
          ],
          [
            -23.111566,
            15.156457
          ],
          [
            -23.111536,
            15.156504
          ],
          [
            -23.111522,
            15.156535
          ],
          [
            -23.111513,
            15.156568
          ],
          [
            -23.111513,
            15.156597
          ],
          [
            -23.111521,
            15.156625
          ],
          [
            -23.111534,
            15.156654
          ],
          [
            -23.111545,
            15.156693
          ],
          [
            -23.111553,
            15.156737
          ],
          [
            -23.11155,
            15.156768
          ],
          [
            -23.111543,
            15.156804
          ],
          [
            -23.11154,
            15.156816
          ],
          [
            -23.11152,
            15.15686
          ],
          [
            -23.111496,
            15.1569
          ],
          [
            -23.111465,
            15.156925
          ],
          [
            -23.111439,
            15.156942
          ],
          [
            -23.11142,
            15.156949
          ],
          [
            -23.111404,
            15.156954
          ],
          [
            -23.111395,
            15.156957
          ],
          [
            -23.11138,
            15.15696
          ],
          [
            -23.111368,
            15.156964
          ],
          [
            -23.111354,
            15.156969
          ],
          [
            -23.111342,
            15.156973
          ],
          [
            -23.111322,
            15.156981
          ],
          [
            -23.111306,
            15.156997
          ],
          [
            -23.111269,
            15.157034
          ],
          [
            -23.111255,
            15.15705
          ],
          [
            -23.111232,
            15.157072
          ],
          [
            -23.111214,
            15.157091
          ],
          [
            -23.111193,
            15.157101
          ],
          [
            -23.111174,
            15.157112
          ],
          [
            -23.111144,
            15.157119
          ],
          [
            -23.111116,
            15.157131
          ],
          [
            -23.111097,
            15.157136
          ],
          [
            -23.111077,
            15.157145
          ],
          [
            -23.111054,
            15.157154
          ],
          [
            -23.111028,
            15.157166
          ],
          [
            -23.111003,
            15.157174
          ],
          [
            -23.110987,
            15.157174
          ],
          [
            -23.11097,
            15.157176
          ],
          [
            -23.110945,
            15.157177
          ],
          [
            -23.110913,
            15.157181
          ],
          [
            -23.110895,
            15.157186
          ],
          [
            -23.110873,
            15.157191
          ],
          [
            -23.110855,
            15.157198
          ],
          [
            -23.110835,
            15.157209
          ],
          [
            -23.110812,
            15.157217
          ],
          [
            -23.110791,
            15.157218
          ],
          [
            -23.110756,
            15.157209
          ],
          [
            -23.110723,
            15.157193
          ],
          [
            -23.110695,
            15.157179
          ],
          [
            -23.110671,
            15.157161
          ],
          [
            -23.110656,
            15.157151
          ],
          [
            -23.110602,
            15.157112
          ],
          [
            -23.110556,
            15.157062
          ],
          [
            -23.110519,
            15.157017
          ],
          [
            -23.110494,
            15.156996
          ],
          [
            -23.110447,
            15.156967
          ],
          [
            -23.110391,
            15.156961
          ],
          [
            -23.110333,
            15.156955
          ],
          [
            -23.110293,
            15.156953
          ],
          [
            -23.110239,
            15.156948
          ],
          [
            -23.110195,
            15.156935
          ],
          [
            -23.110144,
            15.156924
          ],
          [
            -23.110103,
            15.156926
          ],
          [
            -23.11007,
            15.156935
          ],
          [
            -23.110029,
            15.156946
          ],
          [
            -23.109982,
            15.156966
          ],
          [
            -23.109941,
            15.156987
          ],
          [
            -23.109909,
            15.156997
          ],
          [
            -23.10986,
            15.15701
          ],
          [
            -23.109816,
            15.157027
          ],
          [
            -23.10978,
            15.157053
          ],
          [
            -23.10973,
            15.15708
          ],
          [
            -23.109691,
            15.157099
          ],
          [
            -23.109657,
            15.157106
          ],
          [
            -23.109636,
            15.157103
          ],
          [
            -23.109599,
            15.157084
          ],
          [
            -23.109576,
            15.157072
          ],
          [
            -23.109553,
            15.157061
          ],
          [
            -23.109485,
            15.157041
          ],
          [
            -23.109407,
            15.157023
          ],
          [
            -23.109353,
            15.157011
          ],
          [
            -23.109301,
            15.156995
          ],
          [
            -23.109246,
            15.156981
          ],
          [
            -23.109191,
            15.156968
          ],
          [
            -23.109137,
            15.156957
          ],
          [
            -23.10909,
            15.156948
          ],
          [
            -23.10903,
            15.156942
          ],
          [
            -23.108991,
            15.156943
          ],
          [
            -23.108955,
            15.156947
          ],
          [
            -23.108926,
            15.156953
          ],
          [
            -23.108903,
            15.156962
          ],
          [
            -23.108803,
            15.157004
          ],
          [
            -23.10876,
            15.157021
          ],
          [
            -23.10872,
            15.157033
          ],
          [
            -23.108681,
            15.157041
          ],
          [
            -23.108652,
            15.157042
          ],
          [
            -23.108629,
            15.157038
          ],
          [
            -23.108616,
            15.157036
          ],
          [
            -23.108579,
            15.157038
          ],
          [
            -23.108539,
            15.157034
          ],
          [
            -23.108501,
            15.157031
          ],
          [
            -23.108453,
            15.157031
          ],
          [
            -23.108432,
            15.157031
          ],
          [
            -23.108404,
            15.157034
          ],
          [
            -23.108388,
            15.157035
          ],
          [
            -23.108335,
            15.157032
          ],
          [
            -23.108293,
            15.15702
          ],
          [
            -23.108255,
            15.157008
          ],
          [
            -23.108232,
            15.157003
          ],
          [
            -23.108188,
            15.156996
          ],
          [
            -23.108142,
            15.156994
          ],
          [
            -23.108111,
            15.156993
          ],
          [
            -23.108072,
            15.156993
          ],
          [
            -23.108024,
            15.156999
          ],
          [
            -23.107974,
            15.157015
          ],
          [
            -23.107926,
            15.157032
          ],
          [
            -23.107878,
            15.157057
          ],
          [
            -23.107837,
            15.157071
          ],
          [
            -23.107801,
            15.15708
          ],
          [
            -23.10775,
            15.157097
          ],
          [
            -23.107718,
            15.157106
          ],
          [
            -23.107692,
            15.157115
          ],
          [
            -23.107669,
            15.15712
          ],
          [
            -23.107645,
            15.157127
          ],
          [
            -23.107588,
            15.157143
          ],
          [
            -23.107531,
            15.157155
          ],
          [
            -23.107437,
            15.157174
          ],
          [
            -23.107367,
            15.157191
          ],
          [
            -23.107294,
            15.15721
          ],
          [
            -23.107197,
            15.157237
          ],
          [
            -23.107129,
            15.157251
          ],
          [
            -23.107053,
            15.157274
          ],
          [
            -23.106998,
            15.157289
          ],
          [
            -23.106949,
            15.157304
          ],
          [
            -23.106912,
            15.157318
          ],
          [
            -23.106873,
            15.157333
          ],
          [
            -23.106841,
            15.157351
          ],
          [
            -23.106804,
            15.157366
          ],
          [
            -23.106753,
            15.157393
          ],
          [
            -23.106697,
            15.15742
          ],
          [
            -23.106639,
            15.157448
          ],
          [
            -23.10655,
            15.157495
          ],
          [
            -23.106499,
            15.157525
          ],
          [
            -23.106439,
            15.157567
          ],
          [
            -23.106376,
            15.157615
          ],
          [
            -23.106358,
            15.157635
          ],
          [
            -23.106335,
            15.15768
          ],
          [
            -23.106316,
            15.157702
          ],
          [
            -23.106262,
            15.157754
          ],
          [
            -23.106228,
            15.157792
          ],
          [
            -23.106188,
            15.157832
          ],
          [
            -23.106154,
            15.157859
          ],
          [
            -23.10613,
            15.157881
          ],
          [
            -23.106097,
            15.157893
          ],
          [
            -23.106059,
            15.1579
          ],
          [
            -23.106021,
            15.157903
          ],
          [
            -23.105988,
            15.157897
          ],
          [
            -23.105942,
            15.157886
          ],
          [
            -23.105909,
            15.157876
          ],
          [
            -23.105855,
            15.157865
          ],
          [
            -23.105813,
            15.157858
          ],
          [
            -23.105766,
            15.157856
          ],
          [
            -23.105712,
            15.157854
          ],
          [
            -23.105661,
            15.157853
          ],
          [
            -23.105618,
            15.157853
          ],
          [
            -23.105581,
            15.15786
          ],
          [
            -23.10553,
            15.15787
          ],
          [
            -23.105493,
            15.15789
          ],
          [
            -23.105465,
            15.157905
          ],
          [
            -23.105437,
            15.157935
          ],
          [
            -23.105411,
            15.157979
          ],
          [
            -23.105387,
            15.15802
          ],
          [
            -23.105341,
            15.158116
          ],
          [
            -23.105315,
            15.158183
          ],
          [
            -23.105282,
            15.158245
          ],
          [
            -23.105242,
            15.15834
          ],
          [
            -23.105214,
            15.158398
          ],
          [
            -23.105182,
            15.158469
          ],
          [
            -23.105154,
            15.158514
          ],
          [
            -23.105091,
            15.158575
          ],
          [
            -23.105026,
            15.158704
          ],
          [
            -23.104951,
            15.158853
          ],
          [
            -23.104916,
            15.158934
          ],
          [
            -23.10488,
            15.158992
          ],
          [
            -23.104832,
            15.15907
          ],
          [
            -23.104787,
            15.159178
          ],
          [
            -23.104729,
            15.159312
          ],
          [
            -23.104699,
            15.159414
          ],
          [
            -23.104663,
            15.159495
          ],
          [
            -23.104629,
            15.159598
          ],
          [
            -23.104587,
            15.159683
          ],
          [
            -23.104551,
            15.159753
          ],
          [
            -23.104517,
            15.15979
          ],
          [
            -23.104464,
            15.159837
          ],
          [
            -23.104342,
            15.159946
          ],
          [
            -23.104266,
            15.160006
          ],
          [
            -23.104196,
            15.160066
          ],
          [
            -23.104121,
            15.160125
          ],
          [
            -23.104065,
            15.160173
          ],
          [
            -23.104026,
            15.1602
          ],
          [
            -23.104008,
            15.16021
          ],
          [
            -23.103978,
            15.160229
          ],
          [
            -23.103952,
            15.160249
          ],
          [
            -23.103914,
            15.160277
          ],
          [
            -23.103892,
            15.160301
          ],
          [
            -23.103859,
            15.160347
          ],
          [
            -23.10385,
            15.160365
          ],
          [
            -23.103844,
            15.160435
          ],
          [
            -23.103849,
            15.160511
          ],
          [
            -23.103848,
            15.160543
          ],
          [
            -23.103842,
            15.160569
          ],
          [
            -23.103826,
            15.160592
          ],
          [
            -23.103788,
            15.160634
          ],
          [
            -23.103749,
            15.160673
          ],
          [
            -23.103718,
            15.16072
          ],
          [
            -23.1037,
            15.160759
          ],
          [
            -23.103681,
            15.160776
          ],
          [
            -23.103659,
            15.160794
          ],
          [
            -23.103643,
            15.160814
          ],
          [
            -23.103631,
            15.160837
          ],
          [
            -23.103618,
            15.160859
          ],
          [
            -23.103602,
            15.160907
          ],
          [
            -23.103592,
            15.160969
          ],
          [
            -23.103572,
            15.161015
          ],
          [
            -23.103549,
            15.161047
          ],
          [
            -23.10352,
            15.161064
          ],
          [
            -23.103473,
            15.161079
          ],
          [
            -23.103405,
            15.1611
          ],
          [
            -23.103355,
            15.161111
          ],
          [
            -23.103314,
            15.161122
          ],
          [
            -23.103274,
            15.161133
          ],
          [
            -23.103228,
            15.161154
          ],
          [
            -23.10318,
            15.161176
          ],
          [
            -23.103078,
            15.161215
          ],
          [
            -23.103044,
            15.161231
          ],
          [
            -23.103019,
            15.16125
          ],
          [
            -23.102985,
            15.161248
          ],
          [
            -23.102954,
            15.161245
          ],
          [
            -23.102916,
            15.161247
          ],
          [
            -23.102889,
            15.161248
          ],
          [
            -23.102857,
            15.161257
          ],
          [
            -23.10283,
            15.161282
          ],
          [
            -23.102786,
            15.161318
          ],
          [
            -23.102748,
            15.161346
          ],
          [
            -23.102715,
            15.161373
          ],
          [
            -23.102686,
            15.161391
          ],
          [
            -23.102661,
            15.161413
          ],
          [
            -23.102629,
            15.161448
          ],
          [
            -23.102603,
            15.161479
          ],
          [
            -23.10257,
            15.161523
          ],
          [
            -23.102521,
            15.161568
          ],
          [
            -23.102465,
            15.161618
          ],
          [
            -23.102415,
            15.161661
          ],
          [
            -23.102376,
            15.161686
          ],
          [
            -23.102332,
            15.16171
          ],
          [
            -23.102298,
            15.161727
          ],
          [
            -23.102258,
            15.161732
          ],
          [
            -23.102241,
            15.161737
          ],
          [
            -23.102227,
            15.161743
          ],
          [
            -23.102215,
            15.161751
          ],
          [
            -23.102203,
            15.161755
          ],
          [
            -23.102182,
            15.161759
          ],
          [
            -23.102168,
            15.161761
          ],
          [
            -23.102139,
            15.161759
          ],
          [
            -23.102114,
            15.161762
          ],
          [
            -23.102091,
            15.161762
          ],
          [
            -23.102061,
            15.161754
          ],
          [
            -23.102045,
            15.161744
          ],
          [
            -23.102029,
            15.161736
          ],
          [
            -23.102019,
            15.161727
          ],
          [
            -23.102006,
            15.161718
          ],
          [
            -23.101991,
            15.161713
          ],
          [
            -23.101971,
            15.161715
          ],
          [
            -23.101949,
            15.161723
          ],
          [
            -23.101925,
            15.161734
          ],
          [
            -23.101906,
            15.16174
          ],
          [
            -23.101891,
            15.161743
          ],
          [
            -23.101878,
            15.161747
          ],
          [
            -23.101864,
            15.161755
          ],
          [
            -23.101846,
            15.161761
          ],
          [
            -23.101827,
            15.161768
          ],
          [
            -23.101802,
            15.161776
          ],
          [
            -23.10179,
            15.16178
          ],
          [
            -23.101763,
            15.161786
          ],
          [
            -23.101749,
            15.161794
          ],
          [
            -23.101726,
            15.161805
          ],
          [
            -23.101711,
            15.161815
          ],
          [
            -23.101694,
            15.161822
          ],
          [
            -23.101681,
            15.161826
          ],
          [
            -23.101671,
            15.161831
          ],
          [
            -23.101665,
            15.161835
          ],
          [
            -23.101624,
            15.161856
          ],
          [
            -23.101611,
            15.161865
          ],
          [
            -23.101598,
            15.161881
          ],
          [
            -23.101589,
            15.161889
          ],
          [
            -23.101578,
            15.161895
          ],
          [
            -23.10157,
            15.1619
          ],
          [
            -23.101561,
            15.161906
          ],
          [
            -23.101552,
            15.16191
          ],
          [
            -23.101542,
            15.161915
          ],
          [
            -23.101537,
            15.161919
          ],
          [
            -23.101524,
            15.161926
          ],
          [
            -23.101515,
            15.161929
          ],
          [
            -23.101507,
            15.161934
          ],
          [
            -23.101476,
            15.161945
          ],
          [
            -23.101463,
            15.16195
          ],
          [
            -23.101451,
            15.161951
          ],
          [
            -23.101439,
            15.161953
          ],
          [
            -23.101431,
            15.161956
          ],
          [
            -23.10142,
            15.161964
          ],
          [
            -23.101389,
            15.161975
          ],
          [
            -23.101367,
            15.161979
          ],
          [
            -23.101353,
            15.16198
          ],
          [
            -23.101339,
            15.16198
          ],
          [
            -23.101319,
            15.16198
          ],
          [
            -23.1013,
            15.161979
          ],
          [
            -23.101286,
            15.161979
          ],
          [
            -23.101273,
            15.161979
          ],
          [
            -23.101259,
            15.161979
          ],
          [
            -23.101237,
            15.161982
          ],
          [
            -23.101226,
            15.161982
          ],
          [
            -23.101208,
            15.161983
          ],
          [
            -23.101201,
            15.161983
          ],
          [
            -23.101142,
            15.161988
          ],
          [
            -23.101119,
            15.161991
          ],
          [
            -23.101093,
            15.161996
          ],
          [
            -23.101038,
            15.161999
          ],
          [
            -23.10098,
            15.162005
          ],
          [
            -23.100942,
            15.162009
          ],
          [
            -23.100892,
            15.162012
          ],
          [
            -23.100847,
            15.16202
          ],
          [
            -23.100798,
            15.162027
          ],
          [
            -23.100768,
            15.162029
          ],
          [
            -23.100706,
            15.162025
          ],
          [
            -23.10068,
            15.162017
          ],
          [
            -23.100654,
            15.162016
          ],
          [
            -23.100619,
            15.162016
          ],
          [
            -23.10059,
            15.162015
          ],
          [
            -23.100572,
            15.162017
          ],
          [
            -23.100556,
            15.16202
          ],
          [
            -23.100538,
            15.162024
          ],
          [
            -23.10052,
            15.162028
          ],
          [
            -23.100505,
            15.162032
          ],
          [
            -23.100459,
            15.162036
          ],
          [
            -23.100425,
            15.162041
          ],
          [
            -23.100406,
            15.162042
          ],
          [
            -23.100368,
            15.162047
          ],
          [
            -23.100336,
            15.162049
          ],
          [
            -23.100304,
            15.162053
          ],
          [
            -23.100253,
            15.16206
          ],
          [
            -23.100226,
            15.162067
          ],
          [
            -23.100123,
            15.162096
          ],
          [
            -23.100066,
            15.162118
          ],
          [
            -23.100009,
            15.162149
          ],
          [
            -23.099951,
            15.162184
          ],
          [
            -23.099898,
            15.162214
          ],
          [
            -23.099842,
            15.162248
          ],
          [
            -23.099788,
            15.162278
          ],
          [
            -23.099746,
            15.162294
          ],
          [
            -23.099708,
            15.16231
          ],
          [
            -23.099686,
            15.162319
          ],
          [
            -23.099652,
            15.162329
          ],
          [
            -23.099627,
            15.162337
          ],
          [
            -23.099581,
            15.162372
          ],
          [
            -23.099551,
            15.162393
          ],
          [
            -23.099514,
            15.162416
          ],
          [
            -23.099472,
            15.162437
          ],
          [
            -23.099428,
            15.162452
          ],
          [
            -23.099403,
            15.162458
          ],
          [
            -23.099384,
            15.162461
          ],
          [
            -23.099361,
            15.162456
          ],
          [
            -23.099336,
            15.162451
          ],
          [
            -23.099284,
            15.162434
          ],
          [
            -23.099247,
            15.162415
          ],
          [
            -23.099213,
            15.162404
          ],
          [
            -23.099186,
            15.162393
          ],
          [
            -23.099149,
            15.162376
          ],
          [
            -23.099112,
            15.162364
          ],
          [
            -23.099082,
            15.16235
          ],
          [
            -23.099049,
            15.162329
          ],
          [
            -23.099021,
            15.162313
          ],
          [
            -23.098978,
            15.16229
          ],
          [
            -23.098944,
            15.162271
          ],
          [
            -23.098914,
            15.162252
          ],
          [
            -23.098897,
            15.162238
          ],
          [
            -23.098868,
            15.162214
          ],
          [
            -23.098854,
            15.162195
          ],
          [
            -23.098839,
            15.162171
          ],
          [
            -23.098823,
            15.162144
          ],
          [
            -23.098809,
            15.162124
          ],
          [
            -23.098794,
            15.162101
          ],
          [
            -23.098783,
            15.162089
          ],
          [
            -23.098775,
            15.162081
          ],
          [
            -23.098759,
            15.162065
          ],
          [
            -23.098747,
            15.162057
          ],
          [
            -23.098735,
            15.16205
          ],
          [
            -23.098725,
            15.162044
          ],
          [
            -23.098718,
            15.162041
          ],
          [
            -23.098707,
            15.16204
          ],
          [
            -23.0987,
            15.162039
          ],
          [
            -23.098687,
            15.16204
          ],
          [
            -23.098676,
            15.162045
          ],
          [
            -23.098668,
            15.162048
          ],
          [
            -23.098657,
            15.162054
          ],
          [
            -23.098651,
            15.162059
          ],
          [
            -23.098636,
            15.16208
          ],
          [
            -23.098609,
            15.162101
          ],
          [
            -23.098576,
            15.162125
          ],
          [
            -23.098538,
            15.162159
          ],
          [
            -23.098504,
            15.162191
          ],
          [
            -23.098444,
            15.162237
          ],
          [
            -23.098368,
            15.162316
          ],
          [
            -23.098341,
            15.162341
          ],
          [
            -23.098315,
            15.162379
          ],
          [
            -23.098288,
            15.16241
          ],
          [
            -23.098258,
            15.162452
          ],
          [
            -23.098235,
            15.162486
          ],
          [
            -23.098213,
            15.162515
          ],
          [
            -23.098191,
            15.16255
          ],
          [
            -23.098159,
            15.16259
          ],
          [
            -23.098134,
            15.162632
          ],
          [
            -23.098109,
            15.162681
          ],
          [
            -23.098091,
            15.16271
          ],
          [
            -23.098075,
            15.162743
          ],
          [
            -23.098052,
            15.1628
          ],
          [
            -23.09803,
            15.162851
          ],
          [
            -23.098004,
            15.162908
          ],
          [
            -23.097986,
            15.162954
          ],
          [
            -23.097966,
            15.162998
          ],
          [
            -23.097897,
            15.163135
          ],
          [
            -23.097858,
            15.163209
          ],
          [
            -23.097817,
            15.163253
          ],
          [
            -23.097774,
            15.1633
          ],
          [
            -23.097728,
            15.163356
          ],
          [
            -23.097687,
            15.163395
          ],
          [
            -23.097653,
            15.163435
          ],
          [
            -23.09762,
            15.163479
          ],
          [
            -23.097588,
            15.163533
          ],
          [
            -23.09755,
            15.163603
          ],
          [
            -23.097519,
            15.16365
          ],
          [
            -23.097485,
            15.163698
          ],
          [
            -23.097453,
            15.163735
          ],
          [
            -23.097398,
            15.16381
          ],
          [
            -23.097339,
            15.163872
          ],
          [
            -23.097277,
            15.163927
          ],
          [
            -23.097242,
            15.163963
          ],
          [
            -23.097185,
            15.164001
          ],
          [
            -23.097136,
            15.164035
          ],
          [
            -23.097112,
            15.164055
          ],
          [
            -23.097088,
            15.164065
          ],
          [
            -23.097067,
            15.164086
          ]
        ]
      }
    },
    {
      "type": "Feature",
      "properties": {
        "id": "maio-offroad-2026-9-1",
        "name": "Maio Offroad — Percurso 4×4 Suzuki",
        "name_pt": "Maio Offroad — Percurso 4×4 Suzuki",
        "name_en": "Maio Offroad — Suzuki 4×4 Route",
        "category": "offroad",
        "vehicle": "4x4",
        "year": 2026,
        "source": "QField field survey",
        "distance_km_total": 112.3
      },
      "geometry": {
        "type": "LineString",
        "coordinates": [
          [
            -23.097067,
            15.164086
          ],
          [
            -23.097067,
            15.164088
          ],
          [
            -23.097071,
            15.164092
          ],
          [
            -23.097077,
            15.164094
          ],
          [
            -23.097084,
            15.164094
          ],
          [
            -23.097096,
            15.164089
          ],
          [
            -23.097102,
            15.164085
          ],
          [
            -23.097109,
            15.16408
          ],
          [
            -23.097116,
            15.164074
          ],
          [
            -23.097136,
            15.164064
          ],
          [
            -23.097155,
            15.16406
          ],
          [
            -23.097162,
            15.16406
          ],
          [
            -23.097167,
            15.164062
          ],
          [
            -23.097169,
            15.164065
          ],
          [
            -23.097172,
            15.16407
          ],
          [
            -23.097181,
            15.164085
          ],
          [
            -23.097194,
            15.164109
          ],
          [
            -23.097204,
            15.164122
          ],
          [
            -23.097213,
            15.164132
          ],
          [
            -23.09722,
            15.164138
          ],
          [
            -23.097243,
            15.164162
          ],
          [
            -23.097267,
            15.164196
          ],
          [
            -23.097297,
            15.16423
          ],
          [
            -23.097331,
            15.164263
          ],
          [
            -23.097371,
            15.164308
          ],
          [
            -23.097381,
            15.164323
          ],
          [
            -23.097444,
            15.164377
          ],
          [
            -23.097503,
            15.164416
          ],
          [
            -23.097541,
            15.164431
          ],
          [
            -23.097607,
            15.164459
          ],
          [
            -23.097638,
            15.164476
          ],
          [
            -23.097668,
            15.164496
          ],
          [
            -23.097681,
            15.164506
          ],
          [
            -23.097704,
            15.16452
          ],
          [
            -23.097721,
            15.164541
          ],
          [
            -23.09773,
            15.16456
          ],
          [
            -23.097738,
            15.16459
          ],
          [
            -23.09774,
            15.164608
          ],
          [
            -23.09775,
            15.164675
          ],
          [
            -23.097754,
            15.164729
          ],
          [
            -23.097777,
            15.164787
          ],
          [
            -23.097795,
            15.164815
          ],
          [
            -23.097823,
            15.164849
          ],
          [
            -23.097838,
            15.164863
          ],
          [
            -23.097855,
            15.16487
          ],
          [
            -23.097885,
            15.164882
          ],
          [
            -23.097898,
            15.164892
          ],
          [
            -23.097927,
            15.164911
          ],
          [
            -23.097944,
            15.164921
          ],
          [
            -23.097965,
            15.164929
          ],
          [
            -23.097982,
            15.164942
          ],
          [
            -23.098,
            15.164954
          ],
          [
            -23.098013,
            15.164961
          ],
          [
            -23.098028,
            15.16497
          ],
          [
            -23.09804,
            15.164981
          ],
          [
            -23.098052,
            15.164987
          ],
          [
            -23.098068,
            15.164997
          ],
          [
            -23.098085,
            15.164998
          ],
          [
            -23.098103,
            15.165001
          ],
          [
            -23.098127,
            15.165001
          ],
          [
            -23.098147,
            15.165003
          ],
          [
            -23.098162,
            15.165012
          ],
          [
            -23.098176,
            15.16502
          ],
          [
            -23.098193,
            15.165033
          ],
          [
            -23.098206,
            15.165042
          ],
          [
            -23.09822,
            15.165047
          ],
          [
            -23.098233,
            15.165057
          ],
          [
            -23.098251,
            15.165056
          ],
          [
            -23.09827,
            15.165057
          ],
          [
            -23.09829,
            15.165058
          ],
          [
            -23.098314,
            15.165057
          ],
          [
            -23.098329,
            15.165056
          ],
          [
            -23.098345,
            15.165058
          ],
          [
            -23.098358,
            15.165068
          ],
          [
            -23.098376,
            15.165077
          ],
          [
            -23.098384,
            15.165092
          ],
          [
            -23.098397,
            15.165113
          ],
          [
            -23.098408,
            15.165133
          ],
          [
            -23.098411,
            15.165148
          ],
          [
            -23.098415,
            15.165163
          ],
          [
            -23.098418,
            15.165178
          ],
          [
            -23.098424,
            15.165195
          ],
          [
            -23.098434,
            15.165218
          ],
          [
            -23.098443,
            15.16524
          ],
          [
            -23.098471,
            15.165272
          ],
          [
            -23.098485,
            15.165282
          ],
          [
            -23.0985,
            15.165295
          ],
          [
            -23.098507,
            15.165312
          ],
          [
            -23.098513,
            15.165323
          ],
          [
            -23.098504,
            15.165338
          ],
          [
            -23.098502,
            15.165356
          ],
          [
            -23.098502,
            15.165375
          ],
          [
            -23.09851,
            15.165388
          ],
          [
            -23.09852,
            15.165399
          ],
          [
            -23.098536,
            15.165408
          ],
          [
            -23.098552,
            15.165417
          ],
          [
            -23.098566,
            15.165426
          ],
          [
            -23.098568,
            15.165428
          ],
          [
            -23.09858,
            15.165442
          ],
          [
            -23.098591,
            15.16545
          ],
          [
            -23.098602,
            15.16546
          ],
          [
            -23.098612,
            15.165477
          ],
          [
            -23.098621,
            15.165495
          ],
          [
            -23.098626,
            15.165505
          ],
          [
            -23.098632,
            15.165522
          ],
          [
            -23.098632,
            15.165535
          ],
          [
            -23.098632,
            15.16555
          ],
          [
            -23.098631,
            15.165561
          ],
          [
            -23.098627,
            15.165577
          ],
          [
            -23.098623,
            15.165594
          ],
          [
            -23.098619,
            15.16561
          ],
          [
            -23.098614,
            15.165623
          ],
          [
            -23.098612,
            15.165632
          ],
          [
            -23.098612,
            15.165637
          ],
          [
            -23.098615,
            15.165648
          ],
          [
            -23.098621,
            15.165659
          ],
          [
            -23.098626,
            15.165666
          ],
          [
            -23.098633,
            15.165675
          ],
          [
            -23.09864,
            15.165682
          ],
          [
            -23.098649,
            15.165688
          ],
          [
            -23.098659,
            15.165701
          ],
          [
            -23.098664,
            15.165707
          ],
          [
            -23.098672,
            15.165715
          ],
          [
            -23.098677,
            15.165723
          ],
          [
            -23.098686,
            15.165733
          ],
          [
            -23.098698,
            15.165748
          ],
          [
            -23.098705,
            15.165756
          ],
          [
            -23.098711,
            15.165769
          ],
          [
            -23.098715,
            15.165773
          ],
          [
            -23.09872,
            15.165778
          ],
          [
            -23.098728,
            15.165793
          ],
          [
            -23.098733,
            15.165803
          ],
          [
            -23.098736,
            15.165813
          ],
          [
            -23.098739,
            15.165821
          ],
          [
            -23.098744,
            15.165832
          ],
          [
            -23.098747,
            15.165836
          ],
          [
            -23.098751,
            15.165844
          ],
          [
            -23.098754,
            15.165851
          ],
          [
            -23.098769,
            15.16588
          ],
          [
            -23.098779,
            15.165896
          ],
          [
            -23.098805,
            15.165926
          ],
          [
            -23.098817,
            15.165935
          ],
          [
            -23.098828,
            15.165947
          ],
          [
            -23.098837,
            15.165957
          ],
          [
            -23.098843,
            15.165965
          ],
          [
            -23.09885,
            15.165978
          ],
          [
            -23.098855,
            15.165988
          ],
          [
            -23.098862,
            15.166017
          ],
          [
            -23.098862,
            15.166028
          ],
          [
            -23.09886,
            15.166047
          ],
          [
            -23.09886,
            15.166057
          ],
          [
            -23.098861,
            15.166075
          ],
          [
            -23.09886,
            15.166088
          ],
          [
            -23.098863,
            15.166107
          ],
          [
            -23.098864,
            15.166111
          ],
          [
            -23.09887,
            15.166122
          ],
          [
            -23.09888,
            15.166137
          ],
          [
            -23.09889,
            15.166152
          ],
          [
            -23.098895,
            15.166168
          ],
          [
            -23.098905,
            15.166175
          ],
          [
            -23.098915,
            15.166178
          ],
          [
            -23.098924,
            15.166183
          ],
          [
            -23.09894,
            15.166193
          ],
          [
            -23.09895,
            15.166202
          ],
          [
            -23.098963,
            15.16621
          ],
          [
            -23.098977,
            15.166227
          ],
          [
            -23.098985,
            15.166245
          ],
          [
            -23.09899,
            15.166263
          ],
          [
            -23.098991,
            15.166277
          ],
          [
            -23.098992,
            15.166295
          ],
          [
            -23.098985,
            15.166313
          ],
          [
            -23.098978,
            15.166328
          ],
          [
            -23.09897,
            15.166335
          ],
          [
            -23.098959,
            15.166342
          ],
          [
            -23.098935,
            15.166347
          ],
          [
            -23.098923,
            15.166348
          ],
          [
            -23.098909,
            15.166353
          ],
          [
            -23.098893,
            15.166355
          ],
          [
            -23.09887,
            15.166353
          ],
          [
            -23.098851,
            15.166354
          ],
          [
            -23.098837,
            15.166358
          ],
          [
            -23.098823,
            15.166362
          ],
          [
            -23.098817,
            15.166367
          ],
          [
            -23.098809,
            15.166381
          ],
          [
            -23.098802,
            15.166395
          ],
          [
            -23.098793,
            15.166408
          ],
          [
            -23.098785,
            15.16642
          ],
          [
            -23.098781,
            15.166427
          ],
          [
            -23.098764,
            15.166434
          ],
          [
            -23.098755,
            15.166438
          ],
          [
            -23.098746,
            15.166439
          ],
          [
            -23.098736,
            15.166442
          ],
          [
            -23.098729,
            15.166442
          ],
          [
            -23.098722,
            15.16644
          ],
          [
            -23.098714,
            15.166439
          ],
          [
            -23.098708,
            15.166439
          ],
          [
            -23.098706,
            15.166439
          ],
          [
            -23.098695,
            15.16644
          ],
          [
            -23.098687,
            15.166442
          ],
          [
            -23.098677,
            15.166444
          ],
          [
            -23.098669,
            15.166445
          ],
          [
            -23.098657,
            15.166447
          ],
          [
            -23.098651,
            15.166448
          ],
          [
            -23.098646,
            15.166449
          ],
          [
            -23.098637,
            15.16645
          ],
          [
            -23.098632,
            15.166452
          ],
          [
            -23.098618,
            15.166456
          ],
          [
            -23.098605,
            15.166459
          ],
          [
            -23.098592,
            15.166463
          ],
          [
            -23.098581,
            15.166465
          ],
          [
            -23.098573,
            15.166467
          ],
          [
            -23.098569,
            15.166468
          ],
          [
            -23.098561,
            15.166468
          ],
          [
            -23.098551,
            15.166468
          ],
          [
            -23.098544,
            15.166468
          ],
          [
            -23.09853,
            15.16647
          ],
          [
            -23.098518,
            15.166476
          ],
          [
            -23.098519,
            15.166517
          ],
          [
            -23.098505,
            15.166564
          ],
          [
            -23.098494,
            15.166612
          ],
          [
            -23.098485,
            15.166637
          ],
          [
            -23.098463,
            15.166674
          ],
          [
            -23.09844,
            15.16669
          ],
          [
            -23.098418,
            15.16671
          ],
          [
            -23.098405,
            15.166723
          ],
          [
            -23.098389,
            15.16674
          ],
          [
            -23.098383,
            15.166755
          ],
          [
            -23.098376,
            15.166769
          ],
          [
            -23.098376,
            15.166782
          ],
          [
            -23.098401,
            15.166851
          ],
          [
            -23.098425,
            15.166887
          ],
          [
            -23.098434,
            15.16691
          ],
          [
            -23.098448,
            15.166955
          ],
          [
            -23.098452,
            15.166978
          ],
          [
            -23.098458,
            15.167008
          ],
          [
            -23.098468,
            15.167038
          ],
          [
            -23.09847,
            15.167048
          ],
          [
            -23.098482,
            15.167062
          ],
          [
            -23.098516,
            15.167115
          ],
          [
            -23.098537,
            15.16716
          ],
          [
            -23.098547,
            15.167182
          ],
          [
            -23.098557,
            15.167199
          ],
          [
            -23.098567,
            15.167213
          ],
          [
            -23.098582,
            15.167229
          ],
          [
            -23.098606,
            15.167247
          ],
          [
            -23.098625,
            15.167257
          ],
          [
            -23.098637,
            15.167263
          ],
          [
            -23.098673,
            15.167283
          ],
          [
            -23.098741,
            15.16731
          ],
          [
            -23.098805,
            15.167343
          ],
          [
            -23.098869,
            15.167362
          ],
          [
            -23.098924,
            15.167378
          ],
          [
            -23.098952,
            15.167388
          ],
          [
            -23.099003,
            15.167401
          ],
          [
            -23.099071,
            15.167432
          ],
          [
            -23.099127,
            15.167447
          ],
          [
            -23.099199,
            15.167461
          ],
          [
            -23.099262,
            15.16748
          ],
          [
            -23.09932,
            15.167499
          ],
          [
            -23.09938,
            15.167528
          ],
          [
            -23.099395,
            15.167558
          ],
          [
            -23.099403,
            15.167585
          ],
          [
            -23.099407,
            15.167608
          ],
          [
            -23.099403,
            15.167623
          ],
          [
            -23.099394,
            15.167639
          ],
          [
            -23.099381,
            15.167656
          ],
          [
            -23.099365,
            15.167672
          ],
          [
            -23.099334,
            15.167698
          ],
          [
            -23.099307,
            15.167721
          ],
          [
            -23.099281,
            15.167743
          ],
          [
            -23.099258,
            15.167758
          ],
          [
            -23.099235,
            15.167774
          ],
          [
            -23.099222,
            15.167782
          ],
          [
            -23.099204,
            15.167792
          ],
          [
            -23.099185,
            15.167802
          ],
          [
            -23.099169,
            15.167812
          ],
          [
            -23.099151,
            15.16782
          ],
          [
            -23.099134,
            15.167829
          ],
          [
            -23.099106,
            15.167836
          ],
          [
            -23.099089,
            15.167838
          ],
          [
            -23.099075,
            15.16784
          ],
          [
            -23.099047,
            15.167839
          ],
          [
            -23.099037,
            15.167841
          ],
          [
            -23.099015,
            15.167838
          ],
          [
            -23.099007,
            15.167838
          ],
          [
            -23.098967,
            15.167838
          ],
          [
            -23.098948,
            15.167842
          ],
          [
            -23.098917,
            15.16785
          ],
          [
            -23.09891,
            15.167854
          ],
          [
            -23.098901,
            15.167862
          ],
          [
            -23.098897,
            15.167867
          ],
          [
            -23.098879,
            15.167891
          ],
          [
            -23.098863,
            15.167921
          ],
          [
            -23.098851,
            15.167939
          ],
          [
            -23.098843,
            15.167958
          ],
          [
            -23.098839,
            15.16797
          ],
          [
            -23.098833,
            15.167985
          ],
          [
            -23.09883,
            15.167997
          ],
          [
            -23.098827,
            15.168013
          ],
          [
            -23.098826,
            15.168028
          ],
          [
            -23.098826,
            15.168043
          ],
          [
            -23.098824,
            15.168056
          ],
          [
            -23.098825,
            15.168069
          ],
          [
            -23.098825,
            15.168081
          ],
          [
            -23.098825,
            15.168094
          ],
          [
            -23.098834,
            15.168124
          ],
          [
            -23.098833,
            15.16818
          ],
          [
            -23.098833,
            15.168225
          ],
          [
            -23.098821,
            15.168258
          ],
          [
            -23.098812,
            15.168285
          ],
          [
            -23.098802,
            15.168307
          ],
          [
            -23.098778,
            15.168348
          ],
          [
            -23.098752,
            15.168373
          ],
          [
            -23.098743,
            15.168382
          ],
          [
            -23.098702,
            15.168444
          ],
          [
            -23.098684,
            15.168478
          ],
          [
            -23.098669,
            15.168505
          ],
          [
            -23.098655,
            15.168533
          ],
          [
            -23.098623,
            15.168578
          ],
          [
            -23.098607,
            15.168602
          ],
          [
            -23.098588,
            15.168622
          ],
          [
            -23.098574,
            15.168634
          ],
          [
            -23.09855,
            15.168643
          ],
          [
            -23.098534,
            15.168654
          ],
          [
            -23.098523,
            15.168666
          ],
          [
            -23.098516,
            15.168679
          ],
          [
            -23.098516,
            15.168694
          ],
          [
            -23.098515,
            15.168704
          ],
          [
            -23.098522,
            15.168716
          ],
          [
            -23.098529,
            15.168722
          ],
          [
            -23.098538,
            15.168727
          ],
          [
            -23.09855,
            15.168733
          ],
          [
            -23.098565,
            15.168734
          ],
          [
            -23.098579,
            15.168738
          ],
          [
            -23.098594,
            15.168743
          ],
          [
            -23.098608,
            15.168747
          ],
          [
            -23.098622,
            15.168748
          ],
          [
            -23.098647,
            15.168755
          ],
          [
            -23.098705,
            15.168765
          ],
          [
            -23.098737,
            15.168768
          ],
          [
            -23.098761,
            15.168772
          ],
          [
            -23.098786,
            15.168775
          ],
          [
            -23.098802,
            15.168779
          ],
          [
            -23.098817,
            15.168782
          ],
          [
            -23.098825,
            15.168784
          ],
          [
            -23.098839,
            15.168784
          ],
          [
            -23.098858,
            15.168784
          ],
          [
            -23.098875,
            15.16878
          ],
          [
            -23.098888,
            15.168776
          ],
          [
            -23.098907,
            15.168775
          ],
          [
            -23.09892,
            15.168775
          ],
          [
            -23.098927,
            15.168777
          ],
          [
            -23.098937,
            15.16878
          ],
          [
            -23.098949,
            15.168785
          ],
          [
            -23.098954,
            15.16879
          ],
          [
            -23.09896,
            15.1688
          ],
          [
            -23.098962,
            15.168803
          ],
          [
            -23.098969,
            15.168813
          ],
          [
            -23.098973,
            15.168819
          ],
          [
            -23.098979,
            15.168828
          ],
          [
            -23.098982,
            15.168837
          ],
          [
            -23.098983,
            15.168846
          ],
          [
            -23.098982,
            15.168854
          ],
          [
            -23.098981,
            15.168862
          ],
          [
            -23.098976,
            15.168871
          ],
          [
            -23.098973,
            15.168877
          ],
          [
            -23.098963,
            15.168883
          ],
          [
            -23.098956,
            15.168886
          ],
          [
            -23.098942,
            15.168888
          ],
          [
            -23.098932,
            15.16889
          ],
          [
            -23.098924,
            15.168889
          ],
          [
            -23.098913,
            15.168887
          ],
          [
            -23.098907,
            15.168886
          ],
          [
            -23.098894,
            15.168886
          ],
          [
            -23.098888,
            15.168888
          ],
          [
            -23.098879,
            15.168891
          ],
          [
            -23.098877,
            15.168893
          ],
          [
            -23.09886,
            15.168899
          ],
          [
            -23.098849,
            15.168902
          ],
          [
            -23.098839,
            15.168907
          ],
          [
            -23.098831,
            15.168912
          ],
          [
            -23.098822,
            15.168919
          ],
          [
            -23.098816,
            15.168923
          ],
          [
            -23.098808,
            15.168932
          ],
          [
            -23.098803,
            15.168939
          ],
          [
            -23.0988,
            15.168945
          ],
          [
            -23.098791,
            15.168959
          ],
          [
            -23.098786,
            15.168967
          ],
          [
            -23.098781,
            15.168976
          ],
          [
            -23.098778,
            15.168983
          ],
          [
            -23.098776,
            15.168989
          ],
          [
            -23.098775,
            15.168999
          ],
          [
            -23.098774,
            15.169004
          ],
          [
            -23.098772,
            15.169013
          ],
          [
            -23.09877,
            15.169024
          ],
          [
            -23.09877,
            15.169025
          ],
          [
            -23.098768,
            15.169044
          ],
          [
            -23.098767,
            15.169052
          ],
          [
            -23.09876,
            15.169056
          ],
          [
            -23.098744,
            15.169053
          ],
          [
            -23.098723,
            15.16905
          ],
          [
            -23.098704,
            15.169045
          ],
          [
            -23.09868,
            15.169043
          ],
          [
            -23.098664,
            15.169041
          ],
          [
            -23.098635,
            15.169039
          ],
          [
            -23.098601,
            15.16904
          ],
          [
            -23.098583,
            15.169043
          ],
          [
            -23.098563,
            15.169049
          ],
          [
            -23.098547,
            15.169057
          ],
          [
            -23.098523,
            15.169061
          ],
          [
            -23.098509,
            15.169064
          ],
          [
            -23.098502,
            15.169065
          ],
          [
            -23.098455,
            15.16907
          ],
          [
            -23.098423,
            15.169079
          ],
          [
            -23.098404,
            15.16909
          ],
          [
            -23.098392,
            15.169111
          ],
          [
            -23.098386,
            15.169122
          ],
          [
            -23.098372,
            15.169134
          ],
          [
            -23.098363,
            15.169137
          ],
          [
            -23.098348,
            15.169143
          ],
          [
            -23.098327,
            15.169149
          ],
          [
            -23.098311,
            15.169151
          ],
          [
            -23.098287,
            15.16915
          ],
          [
            -23.098269,
            15.169148
          ],
          [
            -23.098252,
            15.169148
          ],
          [
            -23.098237,
            15.169148
          ],
          [
            -23.098216,
            15.169152
          ],
          [
            -23.098209,
            15.169155
          ],
          [
            -23.09816,
            15.169163
          ],
          [
            -23.098137,
            15.169166
          ],
          [
            -23.098116,
            15.169168
          ],
          [
            -23.098097,
            15.169173
          ],
          [
            -23.098061,
            15.169181
          ],
          [
            -23.098044,
            15.169182
          ],
          [
            -23.098023,
            15.169183
          ],
          [
            -23.097993,
            15.169178
          ],
          [
            -23.097971,
            15.169173
          ],
          [
            -23.097946,
            15.169171
          ],
          [
            -23.097936,
            15.16917
          ],
          [
            -23.097916,
            15.16917
          ],
          [
            -23.0979,
            15.169168
          ],
          [
            -23.097879,
            15.169163
          ],
          [
            -23.097857,
            15.169158
          ],
          [
            -23.097822,
            15.169154
          ],
          [
            -23.097797,
            15.169148
          ],
          [
            -23.097779,
            15.169143
          ],
          [
            -23.097751,
            15.169139
          ],
          [
            -23.097719,
            15.169131
          ],
          [
            -23.097704,
            15.169124
          ],
          [
            -23.097692,
            15.169115
          ],
          [
            -23.097683,
            15.169104
          ],
          [
            -23.09768,
            15.169094
          ],
          [
            -23.097673,
            15.169081
          ],
          [
            -23.097669,
            15.169071
          ],
          [
            -23.097657,
            15.169054
          ],
          [
            -23.097649,
            15.16905
          ],
          [
            -23.097636,
            15.169044
          ],
          [
            -23.09761,
            15.169045
          ],
          [
            -23.097594,
            15.169045
          ],
          [
            -23.097574,
            15.169046
          ],
          [
            -23.097564,
            15.169049
          ],
          [
            -23.097562,
            15.169049
          ],
          [
            -23.097539,
            15.169053
          ],
          [
            -23.097498,
            15.169045
          ],
          [
            -23.097483,
            15.169039
          ],
          [
            -23.097467,
            15.169029
          ],
          [
            -23.097451,
            15.169018
          ],
          [
            -23.097438,
            15.169009
          ],
          [
            -23.097423,
            15.168999
          ],
          [
            -23.097416,
            15.168995
          ],
          [
            -23.097396,
            15.168978
          ],
          [
            -23.097372,
            15.16896
          ],
          [
            -23.097354,
            15.168951
          ],
          [
            -23.09733,
            15.168939
          ],
          [
            -23.097311,
            15.16893
          ],
          [
            -23.097292,
            15.168913
          ],
          [
            -23.097273,
            15.168898
          ],
          [
            -23.097259,
            15.168882
          ],
          [
            -23.097248,
            15.168861
          ],
          [
            -23.09724,
            15.16884
          ],
          [
            -23.097232,
            15.16882
          ],
          [
            -23.09722,
            15.168801
          ],
          [
            -23.09721,
            15.168783
          ],
          [
            -23.097192,
            15.168766
          ],
          [
            -23.09718,
            15.168757
          ],
          [
            -23.097165,
            15.168748
          ],
          [
            -23.097151,
            15.168735
          ],
          [
            -23.09712,
            15.168713
          ],
          [
            -23.097086,
            15.168694
          ],
          [
            -23.097051,
            15.168682
          ],
          [
            -23.097015,
            15.168669
          ],
          [
            -23.096957,
            15.168647
          ],
          [
            -23.09693,
            15.16864
          ],
          [
            -23.096903,
            15.168628
          ],
          [
            -23.096842,
            15.168608
          ],
          [
            -23.096818,
            15.168599
          ],
          [
            -23.09679,
            15.168583
          ],
          [
            -23.096774,
            15.168575
          ],
          [
            -23.096705,
            15.168562
          ],
          [
            -23.096686,
            15.168558
          ],
          [
            -23.096639,
            15.168558
          ],
          [
            -23.096606,
            15.168558
          ],
          [
            -23.096557,
            15.168544
          ],
          [
            -23.096537,
            15.168539
          ],
          [
            -23.096512,
            15.168528
          ],
          [
            -23.0965,
            15.168518
          ],
          [
            -23.096435,
            15.168483
          ],
          [
            -23.0964,
            15.168468
          ],
          [
            -23.096383,
            15.168458
          ],
          [
            -23.096358,
            15.168448
          ],
          [
            -23.096346,
            15.168436
          ],
          [
            -23.096337,
            15.168427
          ],
          [
            -23.096249,
            15.168361
          ],
          [
            -23.096207,
            15.168337
          ],
          [
            -23.096181,
            15.168322
          ],
          [
            -23.09616,
            15.168311
          ],
          [
            -23.096123,
            15.168291
          ],
          [
            -23.096109,
            15.168285
          ],
          [
            -23.096099,
            15.168277
          ],
          [
            -23.095972,
            15.168209
          ],
          [
            -23.095944,
            15.168192
          ],
          [
            -23.095925,
            15.16818
          ],
          [
            -23.095907,
            15.168174
          ],
          [
            -23.095771,
            15.168093
          ],
          [
            -23.095717,
            15.168056
          ],
          [
            -23.095697,
            15.168037
          ],
          [
            -23.095576,
            15.16794
          ],
          [
            -23.095549,
            15.167912
          ],
          [
            -23.095531,
            15.167896
          ],
          [
            -23.095508,
            15.167879
          ],
          [
            -23.095491,
            15.167855
          ],
          [
            -23.09548,
            15.167842
          ],
          [
            -23.095456,
            15.167825
          ],
          [
            -23.095446,
            15.167815
          ],
          [
            -23.09536,
            15.167742
          ],
          [
            -23.095303,
            15.167693
          ],
          [
            -23.095279,
            15.167676
          ],
          [
            -23.095246,
            15.167656
          ],
          [
            -23.095229,
            15.167648
          ],
          [
            -23.095045,
            15.167559
          ],
          [
            -23.094966,
            15.167521
          ],
          [
            -23.094915,
            15.167484
          ],
          [
            -23.094849,
            15.167441
          ],
          [
            -23.094822,
            15.167407
          ],
          [
            -23.094782,
            15.167366
          ],
          [
            -23.094765,
            15.167343
          ],
          [
            -23.094738,
            15.167314
          ],
          [
            -23.094723,
            15.167293
          ],
          [
            -23.094674,
            15.167243
          ],
          [
            -23.094643,
            15.1672
          ],
          [
            -23.094574,
            15.167147
          ],
          [
            -23.094542,
            15.167137
          ],
          [
            -23.094515,
            15.167131
          ],
          [
            -23.094488,
            15.16713
          ],
          [
            -23.094452,
            15.167129
          ],
          [
            -23.094403,
            15.167133
          ],
          [
            -23.094366,
            15.167136
          ],
          [
            -23.094337,
            15.167135
          ],
          [
            -23.094308,
            15.167128
          ],
          [
            -23.094262,
            15.167117
          ],
          [
            -23.094221,
            15.167103
          ],
          [
            -23.094158,
            15.167082
          ],
          [
            -23.094121,
            15.167068
          ],
          [
            -23.094036,
            15.167028
          ],
          [
            -23.094018,
            15.167021
          ],
          [
            -23.093985,
            15.167008
          ],
          [
            -23.093944,
            15.166984
          ],
          [
            -23.093917,
            15.166966
          ],
          [
            -23.093896,
            15.166955
          ],
          [
            -23.09387,
            15.166943
          ],
          [
            -23.093854,
            15.166935
          ],
          [
            -23.093832,
            15.166926
          ],
          [
            -23.093813,
            15.166916
          ],
          [
            -23.093777,
            15.166901
          ],
          [
            -23.093744,
            15.166887
          ],
          [
            -23.093719,
            15.166874
          ],
          [
            -23.093686,
            15.166851
          ],
          [
            -23.093661,
            15.166837
          ],
          [
            -23.093629,
            15.166819
          ],
          [
            -23.093599,
            15.166803
          ],
          [
            -23.093579,
            15.166791
          ],
          [
            -23.093561,
            15.166774
          ],
          [
            -23.093538,
            15.166762
          ],
          [
            -23.093522,
            15.166754
          ],
          [
            -23.093459,
            15.166724
          ],
          [
            -23.093414,
            15.166708
          ],
          [
            -23.093383,
            15.1667
          ],
          [
            -23.093372,
            15.166697
          ],
          [
            -23.093353,
            15.166697
          ],
          [
            -23.09334,
            15.166696
          ],
          [
            -23.093301,
            15.166705
          ],
          [
            -23.093271,
            15.166713
          ],
          [
            -23.093253,
            15.166715
          ],
          [
            -23.093179,
            15.16673
          ],
          [
            -23.093129,
            15.166736
          ],
          [
            -23.093093,
            15.166739
          ],
          [
            -23.093044,
            15.166755
          ],
          [
            -23.093013,
            15.166767
          ],
          [
            -23.09298,
            15.166783
          ],
          [
            -23.092934,
            15.166805
          ],
          [
            -23.092909,
            15.166821
          ],
          [
            -23.092872,
            15.166841
          ],
          [
            -23.09284,
            15.166857
          ],
          [
            -23.092811,
            15.166865
          ],
          [
            -23.092789,
            15.166871
          ],
          [
            -23.092778,
            15.166878
          ],
          [
            -23.092712,
            15.166905
          ],
          [
            -23.092675,
            15.166938
          ],
          [
            -23.092625,
            15.16697
          ],
          [
            -23.092572,
            15.166993
          ],
          [
            -23.092523,
            15.167008
          ],
          [
            -23.092485,
            15.167015
          ],
          [
            -23.092442,
            15.167022
          ],
          [
            -23.09241,
            15.167028
          ],
          [
            -23.092381,
            15.167031
          ],
          [
            -23.092305,
            15.167044
          ],
          [
            -23.092281,
            15.167047
          ],
          [
            -23.092243,
            15.167048
          ],
          [
            -23.092212,
            15.167048
          ],
          [
            -23.092196,
            15.167048
          ],
          [
            -23.092102,
            15.167052
          ],
          [
            -23.092068,
            15.167065
          ],
          [
            -23.092037,
            15.167072
          ],
          [
            -23.092001,
            15.167095
          ],
          [
            -23.091979,
            15.16711
          ],
          [
            -23.091964,
            15.167123
          ],
          [
            -23.091948,
            15.167137
          ],
          [
            -23.091942,
            15.167143
          ],
          [
            -23.091912,
            15.167166
          ],
          [
            -23.091889,
            15.167189
          ],
          [
            -23.091874,
            15.167209
          ],
          [
            -23.09186,
            15.167221
          ],
          [
            -23.091839,
            15.167236
          ],
          [
            -23.091823,
            15.167249
          ],
          [
            -23.091809,
            15.167262
          ],
          [
            -23.091786,
            15.167272
          ],
          [
            -23.091772,
            15.167278
          ],
          [
            -23.091762,
            15.167285
          ],
          [
            -23.091744,
            15.167294
          ],
          [
            -23.091725,
            15.167298
          ],
          [
            -23.091706,
            15.167304
          ],
          [
            -23.091687,
            15.167309
          ],
          [
            -23.09168,
            15.167312
          ],
          [
            -23.091614,
            15.167333
          ],
          [
            -23.091574,
            15.167346
          ],
          [
            -23.091551,
            15.167353
          ],
          [
            -23.091519,
            15.167369
          ],
          [
            -23.091501,
            15.167379
          ],
          [
            -23.091479,
            15.167397
          ],
          [
            -23.091458,
            15.167412
          ],
          [
            -23.091437,
            15.167428
          ],
          [
            -23.091423,
            15.167442
          ],
          [
            -23.09141,
            15.167455
          ],
          [
            -23.091392,
            15.167475
          ],
          [
            -23.09138,
            15.167488
          ],
          [
            -23.091363,
            15.1675
          ],
          [
            -23.091361,
            15.167504
          ],
          [
            -23.091261,
            15.167598
          ],
          [
            -23.091211,
            15.167661
          ],
          [
            -23.091163,
            15.167717
          ],
          [
            -23.091131,
            15.167758
          ],
          [
            -23.091092,
            15.167796
          ],
          [
            -23.091064,
            15.167842
          ],
          [
            -23.091024,
            15.167915
          ],
          [
            -23.091009,
            15.167969
          ],
          [
            -23.091005,
            15.16799
          ],
          [
            -23.09098,
            15.168094
          ],
          [
            -23.090962,
            15.168204
          ],
          [
            -23.090949,
            15.168291
          ],
          [
            -23.090928,
            15.168379
          ],
          [
            -23.090915,
            15.168433
          ],
          [
            -23.090887,
            15.16857
          ],
          [
            -23.090871,
            15.168661
          ],
          [
            -23.09085,
            15.168723
          ],
          [
            -23.090802,
            15.16881
          ],
          [
            -23.090769,
            15.168873
          ],
          [
            -23.090752,
            15.168948
          ],
          [
            -23.090732,
            15.169017
          ],
          [
            -23.09072,
            15.169081
          ],
          [
            -23.09071,
            15.169156
          ],
          [
            -23.090705,
            15.169199
          ],
          [
            -23.090698,
            15.169289
          ],
          [
            -23.090691,
            15.169372
          ],
          [
            -23.09068,
            15.169465
          ],
          [
            -23.090663,
            15.169543
          ],
          [
            -23.09065,
            15.169622
          ],
          [
            -23.090642,
            15.169739
          ],
          [
            -23.090646,
            15.169842
          ],
          [
            -23.090659,
            15.169919
          ],
          [
            -23.090669,
            15.169987
          ],
          [
            -23.090681,
            15.170063
          ],
          [
            -23.09071,
            15.170154
          ],
          [
            -23.090726,
            15.170256
          ],
          [
            -23.09073,
            15.170288
          ],
          [
            -23.090729,
            15.17036
          ],
          [
            -23.09071,
            15.170434
          ],
          [
            -23.090699,
            15.17051
          ],
          [
            -23.090697,
            15.170558
          ],
          [
            -23.090711,
            15.170601
          ],
          [
            -23.090721,
            15.17063
          ],
          [
            -23.09074,
            15.170669
          ],
          [
            -23.090777,
            15.170729
          ],
          [
            -23.090805,
            15.170768
          ],
          [
            -23.090834,
            15.170814
          ],
          [
            -23.090848,
            15.170852
          ],
          [
            -23.090857,
            15.170888
          ],
          [
            -23.090857,
            15.170923
          ],
          [
            -23.090853,
            15.170953
          ],
          [
            -23.090843,
            15.170996
          ],
          [
            -23.090834,
            15.171031
          ],
          [
            -23.090828,
            15.171062
          ],
          [
            -23.090826,
            15.171099
          ],
          [
            -23.090826,
            15.171133
          ],
          [
            -23.090827,
            15.171151
          ],
          [
            -23.090821,
            15.171215
          ],
          [
            -23.090816,
            15.171264
          ],
          [
            -23.090816,
            15.171299
          ],
          [
            -23.090808,
            15.17134
          ],
          [
            -23.090792,
            15.171418
          ],
          [
            -23.090777,
            15.171501
          ],
          [
            -23.090766,
            15.171564
          ],
          [
            -23.090762,
            15.17159
          ],
          [
            -23.090757,
            15.171628
          ],
          [
            -23.09075,
            15.171668
          ],
          [
            -23.090746,
            15.1717
          ],
          [
            -23.090738,
            15.171724
          ],
          [
            -23.090727,
            15.171761
          ],
          [
            -23.090713,
            15.171794
          ],
          [
            -23.090701,
            15.171813
          ],
          [
            -23.090678,
            15.171853
          ],
          [
            -23.090654,
            15.17189
          ],
          [
            -23.090634,
            15.171919
          ],
          [
            -23.090611,
            15.17195
          ],
          [
            -23.090594,
            15.171983
          ],
          [
            -23.090579,
            15.17202
          ],
          [
            -23.090579,
            15.172052
          ],
          [
            -23.090578,
            15.172082
          ],
          [
            -23.09058,
            15.172104
          ],
          [
            -23.090581,
            15.172144
          ],
          [
            -23.090578,
            15.172216
          ],
          [
            -23.090579,
            15.17224
          ],
          [
            -23.090576,
            15.172275
          ],
          [
            -23.090574,
            15.172311
          ],
          [
            -23.090573,
            15.172348
          ],
          [
            -23.090586,
            15.172436
          ],
          [
            -23.090601,
            15.172483
          ],
          [
            -23.090626,
            15.172552
          ],
          [
            -23.090638,
            15.172586
          ],
          [
            -23.090653,
            15.172648
          ],
          [
            -23.090657,
            15.172706
          ],
          [
            -23.090657,
            15.172759
          ],
          [
            -23.09066,
            15.172814
          ],
          [
            -23.090663,
            15.172897
          ],
          [
            -23.090654,
            15.172948
          ],
          [
            -23.09066,
            15.172994
          ],
          [
            -23.090671,
            15.173019
          ],
          [
            -23.090685,
            15.173039
          ],
          [
            -23.090696,
            15.17306
          ],
          [
            -23.090716,
            15.173093
          ],
          [
            -23.090729,
            15.173114
          ],
          [
            -23.090744,
            15.173135
          ],
          [
            -23.090754,
            15.173155
          ],
          [
            -23.09076,
            15.173181
          ],
          [
            -23.090761,
            15.173196
          ],
          [
            -23.090764,
            15.173215
          ],
          [
            -23.090766,
            15.173235
          ],
          [
            -23.09077,
            15.173268
          ],
          [
            -23.090771,
            15.173312
          ],
          [
            -23.090772,
            15.173353
          ],
          [
            -23.090777,
            15.173373
          ],
          [
            -23.090781,
            15.173392
          ],
          [
            -23.090783,
            15.173411
          ],
          [
            -23.090787,
            15.173424
          ],
          [
            -23.090796,
            15.173446
          ],
          [
            -23.090825,
            15.173524
          ],
          [
            -23.090847,
            15.173568
          ],
          [
            -23.090867,
            15.173606
          ],
          [
            -23.090902,
            15.173661
          ],
          [
            -23.090926,
            15.173688
          ],
          [
            -23.090952,
            15.173704
          ],
          [
            -23.090987,
            15.173727
          ],
          [
            -23.091044,
            15.173764
          ],
          [
            -23.091115,
            15.173842
          ],
          [
            -23.091163,
            15.17391
          ],
          [
            -23.091262,
            15.17403
          ],
          [
            -23.091306,
            15.174104
          ],
          [
            -23.09133,
            15.17415
          ],
          [
            -23.091373,
            15.174195
          ],
          [
            -23.09144,
            15.174263
          ],
          [
            -23.0915,
            15.174315
          ],
          [
            -23.091561,
            15.174361
          ],
          [
            -23.091611,
            15.174399
          ],
          [
            -23.091631,
            15.174417
          ],
          [
            -23.091673,
            15.174445
          ],
          [
            -23.091738,
            15.174507
          ],
          [
            -23.091784,
            15.174541
          ],
          [
            -23.0918,
            15.174554
          ],
          [
            -23.091845,
            15.174606
          ],
          [
            -23.091875,
            15.174648
          ],
          [
            -23.091891,
            15.174685
          ],
          [
            -23.091903,
            15.174725
          ],
          [
            -23.091908,
            15.174744
          ],
          [
            -23.091909,
            15.174773
          ],
          [
            -23.091911,
            15.174861
          ],
          [
            -23.09191,
            15.174972
          ],
          [
            -23.091922,
            15.175048
          ],
          [
            -23.091932,
            15.175083
          ],
          [
            -23.09194,
            15.175185
          ],
          [
            -23.091953,
            15.175213
          ],
          [
            -23.091974,
            15.175263
          ],
          [
            -23.091985,
            15.175329
          ],
          [
            -23.091978,
            15.175388
          ],
          [
            -23.091964,
            15.175425
          ],
          [
            -23.091935,
            15.17547
          ],
          [
            -23.091884,
            15.175515
          ],
          [
            -23.091826,
            15.175556
          ],
          [
            -23.091789,
            15.175594
          ],
          [
            -23.091762,
            15.175626
          ],
          [
            -23.091739,
            15.175672
          ],
          [
            -23.091717,
            15.175723
          ],
          [
            -23.091694,
            15.175781
          ],
          [
            -23.091664,
            15.175838
          ],
          [
            -23.091642,
            15.175886
          ],
          [
            -23.091636,
            15.175914
          ],
          [
            -23.091627,
            15.175969
          ],
          [
            -23.091621,
            15.176023
          ],
          [
            -23.091611,
            15.176075
          ],
          [
            -23.0916,
            15.176118
          ],
          [
            -23.09159,
            15.17615
          ],
          [
            -23.091575,
            15.176209
          ],
          [
            -23.091554,
            15.176265
          ],
          [
            -23.09152,
            15.176352
          ],
          [
            -23.091462,
            15.176503
          ],
          [
            -23.091425,
            15.176591
          ],
          [
            -23.091406,
            15.176647
          ],
          [
            -23.09136,
            15.176796
          ],
          [
            -23.091343,
            15.176925
          ],
          [
            -23.091336,
            15.177038
          ],
          [
            -23.091335,
            15.177093
          ],
          [
            -23.091332,
            15.177163
          ],
          [
            -23.09134,
            15.177232
          ],
          [
            -23.091338,
            15.177307
          ],
          [
            -23.091348,
            15.177375
          ],
          [
            -23.09136,
            15.177453
          ],
          [
            -23.091364,
            15.177566
          ],
          [
            -23.091364,
            15.177615
          ],
          [
            -23.091361,
            15.177671
          ],
          [
            -23.091371,
            15.177707
          ],
          [
            -23.091388,
            15.177751
          ],
          [
            -23.091421,
            15.177797
          ],
          [
            -23.091465,
            15.177848
          ],
          [
            -23.091532,
            15.1779
          ],
          [
            -23.09163,
            15.177966
          ],
          [
            -23.091716,
            15.178031
          ],
          [
            -23.091839,
            15.178122
          ],
          [
            -23.091907,
            15.178196
          ],
          [
            -23.091999,
            15.1783
          ],
          [
            -23.092075,
            15.178379
          ],
          [
            -23.092097,
            15.178421
          ],
          [
            -23.092113,
            15.178447
          ],
          [
            -23.09214,
            15.178512
          ],
          [
            -23.092182,
            15.178597
          ],
          [
            -23.092203,
            15.178663
          ],
          [
            -23.092215,
            15.178697
          ],
          [
            -23.092278,
            15.178788
          ],
          [
            -23.092307,
            15.178825
          ],
          [
            -23.092332,
            15.178867
          ],
          [
            -23.092364,
            15.178922
          ],
          [
            -23.092399,
            15.179003
          ],
          [
            -23.09243,
            15.179065
          ],
          [
            -23.092461,
            15.179127
          ],
          [
            -23.092498,
            15.179187
          ],
          [
            -23.0926,
            15.179333
          ],
          [
            -23.092652,
            15.179396
          ],
          [
            -23.09269,
            15.179458
          ],
          [
            -23.092719,
            15.179512
          ],
          [
            -23.092747,
            15.179566
          ],
          [
            -23.092766,
            15.179611
          ],
          [
            -23.092791,
            15.179668
          ],
          [
            -23.092842,
            15.179737
          ],
          [
            -23.092895,
            15.179803
          ],
          [
            -23.092938,
            15.179865
          ],
          [
            -23.092987,
            15.179923
          ],
          [
            -23.093011,
            15.179955
          ],
          [
            -23.093045,
            15.179991
          ],
          [
            -23.093095,
            15.180048
          ],
          [
            -23.093125,
            15.180096
          ],
          [
            -23.093148,
            15.180124
          ],
          [
            -23.093197,
            15.180173
          ],
          [
            -23.09328,
            15.180242
          ],
          [
            -23.093393,
            15.180332
          ],
          [
            -23.093478,
            15.180397
          ],
          [
            -23.093586,
            15.180465
          ],
          [
            -23.093678,
            15.180509
          ],
          [
            -23.093763,
            15.180545
          ],
          [
            -23.0938,
            15.180569
          ],
          [
            -23.093835,
            15.180594
          ],
          [
            -23.093875,
            15.180617
          ],
          [
            -23.093898,
            15.180658
          ],
          [
            -23.093914,
            15.18071
          ],
          [
            -23.093923,
            15.180795
          ],
          [
            -23.093923,
            15.180835
          ],
          [
            -23.093915,
            15.180898
          ],
          [
            -23.093913,
            15.180928
          ],
          [
            -23.09392,
            15.180982
          ],
          [
            -23.093958,
            15.181035
          ],
          [
            -23.093976,
            15.18114
          ],
          [
            -23.093988,
            15.181183
          ],
          [
            -23.093992,
            15.181257
          ],
          [
            -23.093987,
            15.181295
          ],
          [
            -23.09398,
            15.18134
          ],
          [
            -23.09398,
            15.18137
          ],
          [
            -23.09396,
            15.181495
          ],
          [
            -23.093926,
            15.181657
          ],
          [
            -23.093891,
            15.181812
          ],
          [
            -23.093821,
            15.182126
          ],
          [
            -23.093792,
            15.182241
          ],
          [
            -23.093784,
            15.18232
          ],
          [
            -23.093799,
            15.182362
          ],
          [
            -23.093821,
            15.182404
          ],
          [
            -23.093883,
            15.182428
          ],
          [
            -23.093958,
            15.182438
          ]
        ]
      }
    },
    {
      "type": "Feature",
      "properties": {
        "id": "maio-offroad-2026-10-1",
        "name": "Maio Offroad — Percurso 4×4 Suzuki",
        "name_pt": "Maio Offroad — Percurso 4×4 Suzuki",
        "name_en": "Maio Offroad — Suzuki 4×4 Route",
        "category": "offroad",
        "vehicle": "4x4",
        "year": 2026,
        "source": "QField field survey",
        "distance_km_total": 112.3
      },
      "geometry": {
        "type": "LineString",
        "coordinates": [
          [
            -23.093958,
            15.182438
          ],
          [
            -23.093963,
            15.182438
          ],
          [
            -23.094003,
            15.18244
          ],
          [
            -23.094025,
            15.18244
          ],
          [
            -23.094141,
            15.182443
          ],
          [
            -23.094196,
            15.182444
          ],
          [
            -23.094298,
            15.182452
          ],
          [
            -23.094405,
            15.182462
          ],
          [
            -23.094514,
            15.182479
          ],
          [
            -23.094649,
            15.182494
          ],
          [
            -23.094767,
            15.1825
          ],
          [
            -23.094831,
            15.182503
          ],
          [
            -23.095204,
            15.182507
          ],
          [
            -23.095412,
            15.182519
          ],
          [
            -23.095503,
            15.182521
          ],
          [
            -23.095593,
            15.182516
          ],
          [
            -23.095725,
            15.182519
          ],
          [
            -23.095866,
            15.182536
          ],
          [
            -23.096044,
            15.182576
          ],
          [
            -23.096188,
            15.182613
          ],
          [
            -23.096302,
            15.182649
          ],
          [
            -23.09637,
            15.182668
          ],
          [
            -23.096416,
            15.182684
          ],
          [
            -23.096599,
            15.182747
          ],
          [
            -23.096758,
            15.182794
          ],
          [
            -23.096845,
            15.182818
          ],
          [
            -23.096993,
            15.182848
          ],
          [
            -23.097127,
            15.182873
          ],
          [
            -23.097263,
            15.182896
          ],
          [
            -23.097458,
            15.182945
          ],
          [
            -23.097531,
            15.182968
          ],
          [
            -23.097584,
            15.182991
          ],
          [
            -23.097631,
            15.183017
          ],
          [
            -23.097722,
            15.183068
          ],
          [
            -23.097771,
            15.183107
          ],
          [
            -23.097809,
            15.183141
          ],
          [
            -23.097854,
            15.183183
          ],
          [
            -23.097911,
            15.183219
          ],
          [
            -23.098,
            15.18326
          ],
          [
            -23.098104,
            15.183289
          ],
          [
            -23.098184,
            15.18331
          ],
          [
            -23.098252,
            15.183318
          ],
          [
            -23.098298,
            15.183323
          ],
          [
            -23.098363,
            15.18333
          ],
          [
            -23.098416,
            15.183339
          ],
          [
            -23.09845,
            15.183357
          ],
          [
            -23.098473,
            15.183381
          ],
          [
            -23.098508,
            15.183408
          ],
          [
            -23.098559,
            15.183463
          ],
          [
            -23.098585,
            15.183507
          ],
          [
            -23.098598,
            15.183541
          ],
          [
            -23.098599,
            15.183564
          ],
          [
            -23.098605,
            15.183591
          ],
          [
            -23.098614,
            15.183618
          ],
          [
            -23.098627,
            15.183642
          ],
          [
            -23.098637,
            15.183663
          ],
          [
            -23.098645,
            15.18368
          ],
          [
            -23.098656,
            15.183695
          ],
          [
            -23.098663,
            15.183708
          ],
          [
            -23.098708,
            15.183775
          ],
          [
            -23.098738,
            15.183837
          ],
          [
            -23.098753,
            15.183881
          ],
          [
            -23.098773,
            15.183937
          ],
          [
            -23.098789,
            15.183979
          ],
          [
            -23.098802,
            15.184003
          ],
          [
            -23.098818,
            15.184028
          ],
          [
            -23.098834,
            15.184047
          ],
          [
            -23.098846,
            15.184061
          ],
          [
            -23.098864,
            15.184079
          ],
          [
            -23.0989,
            15.184103
          ],
          [
            -23.098939,
            15.184142
          ],
          [
            -23.098976,
            15.184181
          ],
          [
            -23.099011,
            15.184218
          ],
          [
            -23.099052,
            15.184254
          ],
          [
            -23.099086,
            15.184291
          ],
          [
            -23.099109,
            15.184317
          ],
          [
            -23.099138,
            15.184347
          ],
          [
            -23.099196,
            15.184379
          ],
          [
            -23.099248,
            15.184397
          ],
          [
            -23.099297,
            15.184408
          ],
          [
            -23.099361,
            15.18443
          ],
          [
            -23.099418,
            15.184454
          ],
          [
            -23.099539,
            15.184497
          ],
          [
            -23.099603,
            15.184524
          ],
          [
            -23.099704,
            15.184572
          ],
          [
            -23.099805,
            15.18461
          ],
          [
            -23.099858,
            15.184626
          ],
          [
            -23.099914,
            15.184639
          ],
          [
            -23.100008,
            15.184651
          ],
          [
            -23.100084,
            15.184658
          ],
          [
            -23.100115,
            15.184662
          ],
          [
            -23.100191,
            15.184684
          ],
          [
            -23.100233,
            15.184707
          ],
          [
            -23.100298,
            15.184753
          ],
          [
            -23.100359,
            15.184813
          ],
          [
            -23.100404,
            15.184853
          ],
          [
            -23.100468,
            15.184952
          ],
          [
            -23.100529,
            15.185018
          ],
          [
            -23.100585,
            15.185068
          ],
          [
            -23.100638,
            15.185114
          ],
          [
            -23.100685,
            15.185158
          ],
          [
            -23.100757,
            15.185233
          ],
          [
            -23.10082,
            15.185318
          ],
          [
            -23.100892,
            15.185413
          ],
          [
            -23.100969,
            15.185528
          ],
          [
            -23.100998,
            15.185577
          ],
          [
            -23.101026,
            15.185624
          ],
          [
            -23.101084,
            15.185696
          ],
          [
            -23.101127,
            15.185746
          ],
          [
            -23.101146,
            15.185779
          ],
          [
            -23.101162,
            15.185805
          ],
          [
            -23.101174,
            15.185843
          ],
          [
            -23.101191,
            15.1859
          ],
          [
            -23.101205,
            15.185933
          ],
          [
            -23.101211,
            15.185962
          ],
          [
            -23.101223,
            15.185995
          ],
          [
            -23.101238,
            15.18603
          ],
          [
            -23.101264,
            15.186072
          ],
          [
            -23.101288,
            15.186112
          ],
          [
            -23.101311,
            15.186145
          ],
          [
            -23.101332,
            15.186182
          ],
          [
            -23.101351,
            15.186215
          ],
          [
            -23.101371,
            15.186256
          ],
          [
            -23.101388,
            15.186297
          ],
          [
            -23.101412,
            15.186349
          ],
          [
            -23.101425,
            15.186387
          ],
          [
            -23.101443,
            15.186431
          ],
          [
            -23.101457,
            15.186461
          ],
          [
            -23.101473,
            15.186501
          ],
          [
            -23.101502,
            15.186552
          ],
          [
            -23.101535,
            15.186602
          ],
          [
            -23.101602,
            15.186673
          ],
          [
            -23.101618,
            15.186689
          ],
          [
            -23.101691,
            15.186752
          ],
          [
            -23.101755,
            15.186796
          ],
          [
            -23.101846,
            15.186866
          ],
          [
            -23.101901,
            15.186906
          ],
          [
            -23.101978,
            15.186966
          ],
          [
            -23.10202,
            15.186999
          ],
          [
            -23.102057,
            15.187033
          ],
          [
            -23.102072,
            15.187059
          ],
          [
            -23.102075,
            15.18708
          ],
          [
            -23.10208,
            15.187117
          ],
          [
            -23.10208,
            15.187167
          ],
          [
            -23.102078,
            15.187193
          ],
          [
            -23.102081,
            15.18723
          ],
          [
            -23.102082,
            15.187256
          ],
          [
            -23.102096,
            15.18732
          ],
          [
            -23.102107,
            15.187374
          ],
          [
            -23.102109,
            15.187393
          ],
          [
            -23.102106,
            15.187424
          ],
          [
            -23.102105,
            15.187439
          ],
          [
            -23.102102,
            15.187462
          ],
          [
            -23.102102,
            15.187503
          ],
          [
            -23.102101,
            15.187536
          ],
          [
            -23.102108,
            15.187574
          ],
          [
            -23.102112,
            15.187591
          ],
          [
            -23.102122,
            15.187611
          ],
          [
            -23.102132,
            15.187628
          ],
          [
            -23.102146,
            15.187648
          ],
          [
            -23.102161,
            15.187658
          ],
          [
            -23.102177,
            15.187665
          ],
          [
            -23.102196,
            15.18767
          ],
          [
            -23.102227,
            15.187669
          ],
          [
            -23.102254,
            15.187661
          ],
          [
            -23.102296,
            15.187648
          ],
          [
            -23.102327,
            15.187638
          ],
          [
            -23.102349,
            15.187632
          ],
          [
            -23.102372,
            15.187631
          ],
          [
            -23.102405,
            15.187633
          ],
          [
            -23.102435,
            15.187637
          ],
          [
            -23.102463,
            15.18764
          ],
          [
            -23.102482,
            15.187641
          ],
          [
            -23.102513,
            15.187641
          ],
          [
            -23.102528,
            15.18764
          ],
          [
            -23.102575,
            15.187644
          ],
          [
            -23.102621,
            15.187663
          ],
          [
            -23.102647,
            15.187685
          ],
          [
            -23.102668,
            15.187704
          ],
          [
            -23.102699,
            15.187748
          ],
          [
            -23.102721,
            15.187782
          ],
          [
            -23.102741,
            15.187831
          ],
          [
            -23.102741,
            15.187893
          ],
          [
            -23.102726,
            15.187947
          ],
          [
            -23.102712,
            15.187997
          ],
          [
            -23.102695,
            15.188038
          ],
          [
            -23.102663,
            15.188071
          ],
          [
            -23.102621,
            15.188107
          ],
          [
            -23.10258,
            15.188127
          ],
          [
            -23.102522,
            15.188165
          ],
          [
            -23.102471,
            15.188198
          ],
          [
            -23.102422,
            15.188241
          ],
          [
            -23.102388,
            15.188288
          ],
          [
            -23.102346,
            15.188351
          ],
          [
            -23.102308,
            15.188412
          ],
          [
            -23.102275,
            15.188467
          ],
          [
            -23.102241,
            15.188541
          ],
          [
            -23.102209,
            15.188617
          ],
          [
            -23.102198,
            15.188649
          ],
          [
            -23.10218,
            15.188693
          ],
          [
            -23.10218,
            15.188737
          ],
          [
            -23.102181,
            15.18876
          ],
          [
            -23.102183,
            15.188776
          ],
          [
            -23.102183,
            15.188777
          ],
          [
            -23.102183,
            15.188778
          ],
          [
            -23.102182,
            15.188779
          ],
          [
            -23.102182,
            15.188779
          ],
          [
            -23.102182,
            15.188779
          ],
          [
            -23.102182,
            15.188779
          ],
          [
            -23.102182,
            15.188779
          ],
          [
            -23.102182,
            15.188779
          ]
        ]
      }
    },
    {
      "type": "Feature",
      "properties": {
        "id": "maio-offroad-2026-11-1",
        "name": "Maio Offroad — Percurso 4×4 Suzuki",
        "name_pt": "Maio Offroad — Percurso 4×4 Suzuki",
        "name_en": "Maio Offroad — Suzuki 4×4 Route",
        "category": "offroad",
        "vehicle": "4x4",
        "year": 2026,
        "source": "QField field survey",
        "distance_km_total": 112.3
      },
      "geometry": {
        "type": "LineString",
        "coordinates": [
          [
            -23.114421,
            15.246409
          ],
          [
            -23.114407,
            15.246428
          ],
          [
            -23.114402,
            15.246451
          ],
          [
            -23.114404,
            15.246461
          ],
          [
            -23.114392,
            15.246529
          ],
          [
            -23.114378,
            15.246588
          ],
          [
            -23.114363,
            15.246645
          ],
          [
            -23.114337,
            15.246784
          ],
          [
            -23.114318,
            15.246876
          ],
          [
            -23.114282,
            15.247059
          ],
          [
            -23.114264,
            15.247141
          ],
          [
            -23.114232,
            15.247282
          ],
          [
            -23.114212,
            15.247365
          ],
          [
            -23.114164,
            15.247515
          ],
          [
            -23.114142,
            15.247568
          ],
          [
            -23.114102,
            15.247624
          ],
          [
            -23.114068,
            15.247667
          ],
          [
            -23.114001,
            15.247727
          ],
          [
            -23.113919,
            15.247797
          ],
          [
            -23.113877,
            15.247825
          ],
          [
            -23.113747,
            15.247921
          ],
          [
            -23.113622,
            15.248014
          ],
          [
            -23.113512,
            15.248101
          ],
          [
            -23.113061,
            15.248436
          ],
          [
            -23.11285,
            15.248592
          ],
          [
            -23.112771,
            15.248652
          ],
          [
            -23.112386,
            15.248942
          ],
          [
            -23.112214,
            15.249069
          ],
          [
            -23.111993,
            15.249239
          ],
          [
            -23.111749,
            15.249413
          ],
          [
            -23.111587,
            15.249543
          ],
          [
            -23.111216,
            15.249812
          ],
          [
            -23.111102,
            15.249903
          ],
          [
            -23.110994,
            15.249994
          ],
          [
            -23.110929,
            15.250074
          ],
          [
            -23.110852,
            15.250206
          ],
          [
            -23.110781,
            15.250314
          ],
          [
            -23.110696,
            15.250455
          ],
          [
            -23.110578,
            15.250636
          ],
          [
            -23.110437,
            15.250862
          ],
          [
            -23.110319,
            15.251055
          ],
          [
            -23.109935,
            15.251665
          ],
          [
            -23.109719,
            15.252023
          ],
          [
            -23.109643,
            15.252165
          ],
          [
            -23.109472,
            15.252458
          ],
          [
            -23.109272,
            15.252854
          ],
          [
            -23.109016,
            15.253361
          ],
          [
            -23.108797,
            15.253799
          ],
          [
            -23.108692,
            15.254064
          ],
          [
            -23.108582,
            15.254425
          ],
          [
            -23.10853,
            15.254707
          ],
          [
            -23.108524,
            15.25503
          ],
          [
            -23.108537,
            15.255265
          ],
          [
            -23.108544,
            15.255517
          ],
          [
            -23.108597,
            15.255736
          ],
          [
            -23.108643,
            15.255954
          ],
          [
            -23.10869,
            15.256128
          ],
          [
            -23.108742,
            15.25631
          ],
          [
            -23.108839,
            15.256483
          ],
          [
            -23.108901,
            15.256549
          ],
          [
            -23.108966,
            15.256588
          ],
          [
            -23.109057,
            15.256621
          ],
          [
            -23.109201,
            15.256656
          ],
          [
            -23.109302,
            15.256665
          ],
          [
            -23.109378,
            15.256696
          ],
          [
            -23.109476,
            15.256745
          ],
          [
            -23.109569,
            15.256816
          ],
          [
            -23.10962,
            15.256868
          ],
          [
            -23.109663,
            15.256938
          ],
          [
            -23.109701,
            15.257034
          ],
          [
            -23.109728,
            15.257129
          ],
          [
            -23.109736,
            15.257205
          ],
          [
            -23.109735,
            15.257362
          ],
          [
            -23.10973,
            15.257469
          ],
          [
            -23.109725,
            15.257601
          ],
          [
            -23.109728,
            15.257685
          ],
          [
            -23.109736,
            15.25784
          ],
          [
            -23.109748,
            15.258057
          ],
          [
            -23.109761,
            15.258202
          ],
          [
            -23.109774,
            15.258359
          ],
          [
            -23.109784,
            15.258575
          ],
          [
            -23.109769,
            15.258742
          ],
          [
            -23.109755,
            15.258836
          ],
          [
            -23.109722,
            15.258946
          ],
          [
            -23.109682,
            15.25905
          ],
          [
            -23.109635,
            15.259181
          ],
          [
            -23.109596,
            15.259292
          ],
          [
            -23.109562,
            15.259424
          ],
          [
            -23.109538,
            15.259522
          ],
          [
            -23.109524,
            15.259593
          ],
          [
            -23.109503,
            15.259705
          ],
          [
            -23.109483,
            15.259806
          ],
          [
            -23.109469,
            15.259937
          ],
          [
            -23.109446,
            15.260087
          ],
          [
            -23.10943,
            15.260253
          ],
          [
            -23.109421,
            15.260347
          ],
          [
            -23.109421,
            15.260365
          ],
          [
            -23.109421,
            15.260367
          ],
          [
            -23.109421,
            15.260367
          ],
          [
            -23.109421,
            15.260367
          ]
        ]
      }
    },
    {
      "type": "Feature",
      "properties": {
        "id": "maio-offroad-2026-12-1",
        "name": "Maio Offroad — Percurso 4×4 Suzuki",
        "name_pt": "Maio Offroad — Percurso 4×4 Suzuki",
        "name_en": "Maio Offroad — Suzuki 4×4 Route",
        "category": "offroad",
        "vehicle": "4x4",
        "year": 2026,
        "source": "QField field survey",
        "distance_km_total": 112.3
      },
      "geometry": {
        "type": "LineString",
        "coordinates": [
          [
            -23.217202,
            15.272018
          ],
          [
            -23.217202,
            15.272018
          ],
          [
            -23.217282,
            15.271985
          ],
          [
            -23.217372,
            15.271957
          ],
          [
            -23.217431,
            15.271939
          ],
          [
            -23.217499,
            15.271926
          ],
          [
            -23.217575,
            15.271928
          ],
          [
            -23.217649,
            15.271933
          ],
          [
            -23.217788,
            15.271956
          ],
          [
            -23.21783,
            15.271971
          ],
          [
            -23.217885,
            15.271975
          ],
          [
            -23.217984,
            15.271982
          ],
          [
            -23.218036,
            15.271979
          ],
          [
            -23.218075,
            15.271979
          ],
          [
            -23.218266,
            15.272021
          ],
          [
            -23.218367,
            15.272036
          ],
          [
            -23.218497,
            15.272075
          ],
          [
            -23.218569,
            15.272093
          ],
          [
            -23.218634,
            15.272129
          ],
          [
            -23.218726,
            15.272189
          ],
          [
            -23.218782,
            15.272221
          ],
          [
            -23.218856,
            15.272259
          ],
          [
            -23.218945,
            15.272298
          ],
          [
            -23.219019,
            15.272325
          ],
          [
            -23.219084,
            15.272346
          ],
          [
            -23.219166,
            15.272375
          ],
          [
            -23.2193,
            15.272417
          ],
          [
            -23.21935,
            15.272427
          ],
          [
            -23.219384,
            15.272428
          ],
          [
            -23.219454,
            15.272441
          ],
          [
            -23.219494,
            15.272437
          ],
          [
            -23.219529,
            15.27244
          ],
          [
            -23.21958,
            15.272455
          ],
          [
            -23.21968,
            15.272482
          ],
          [
            -23.219764,
            15.272492
          ],
          [
            -23.219816,
            15.272496
          ],
          [
            -23.219849,
            15.272493
          ],
          [
            -23.219895,
            15.272479
          ],
          [
            -23.219924,
            15.272464
          ],
          [
            -23.219946,
            15.272453
          ],
          [
            -23.219983,
            15.272446
          ],
          [
            -23.220021,
            15.272452
          ],
          [
            -23.220052,
            15.272466
          ],
          [
            -23.220089,
            15.272485
          ],
          [
            -23.220143,
            15.272515
          ],
          [
            -23.220181,
            15.272534
          ],
          [
            -23.220193,
            15.272539
          ],
          [
            -23.220254,
            15.27254
          ],
          [
            -23.220303,
            15.272549
          ],
          [
            -23.220351,
            15.272558
          ],
          [
            -23.220409,
            15.27257
          ],
          [
            -23.220455,
            15.27259
          ],
          [
            -23.220507,
            15.272601
          ],
          [
            -23.220556,
            15.272597
          ],
          [
            -23.220595,
            15.272585
          ],
          [
            -23.220633,
            15.272587
          ],
          [
            -23.220668,
            15.272581
          ],
          [
            -23.220693,
            15.272578
          ],
          [
            -23.220718,
            15.272575
          ],
          [
            -23.22077,
            15.27257
          ],
          [
            -23.220811,
            15.272574
          ],
          [
            -23.220915,
            15.272585
          ],
          [
            -23.220994,
            15.272595
          ],
          [
            -23.221061,
            15.272609
          ],
          [
            -23.221108,
            15.272615
          ],
          [
            -23.221239,
            15.27263
          ],
          [
            -23.221305,
            15.272626
          ],
          [
            -23.221377,
            15.27262
          ],
          [
            -23.221427,
            15.272616
          ],
          [
            -23.221474,
            15.27258
          ],
          [
            -23.221487,
            15.272555
          ],
          [
            -23.221494,
            15.272532
          ],
          [
            -23.22151,
            15.272511
          ],
          [
            -23.221542,
            15.272488
          ],
          [
            -23.221577,
            15.272459
          ],
          [
            -23.221609,
            15.272442
          ],
          [
            -23.221633,
            15.272426
          ],
          [
            -23.221657,
            15.272415
          ],
          [
            -23.221661,
            15.272396
          ],
          [
            -23.221662,
            15.272363
          ],
          [
            -23.221661,
            15.272341
          ],
          [
            -23.221657,
            15.272316
          ],
          [
            -23.221651,
            15.272296
          ],
          [
            -23.221644,
            15.272277
          ],
          [
            -23.221639,
            15.272264
          ],
          [
            -23.221638,
            15.27225
          ],
          [
            -23.221636,
            15.272234
          ],
          [
            -23.221636,
            15.27222
          ],
          [
            -23.221636,
            15.27221
          ],
          [
            -23.221643,
            15.272194
          ],
          [
            -23.221653,
            15.272188
          ],
          [
            -23.221677,
            15.272177
          ],
          [
            -23.221756,
            15.272128
          ],
          [
            -23.221823,
            15.27211
          ],
          [
            -23.22188,
            15.272087
          ],
          [
            -23.221922,
            15.272068
          ],
          [
            -23.221955,
            15.272048
          ],
          [
            -23.222033,
            15.272
          ],
          [
            -23.222104,
            15.271979
          ],
          [
            -23.222167,
            15.27196
          ],
          [
            -23.222242,
            15.271941
          ],
          [
            -23.222321,
            15.271927
          ],
          [
            -23.222374,
            15.271925
          ],
          [
            -23.222415,
            15.27192
          ],
          [
            -23.222456,
            15.271912
          ],
          [
            -23.222515,
            15.271901
          ],
          [
            -23.222545,
            15.271886
          ],
          [
            -23.222603,
            15.271863
          ],
          [
            -23.222647,
            15.271846
          ],
          [
            -23.222673,
            15.271828
          ],
          [
            -23.222708,
            15.271814
          ],
          [
            -23.222745,
            15.271808
          ],
          [
            -23.222779,
            15.271804
          ],
          [
            -23.222818,
            15.271804
          ],
          [
            -23.222877,
            15.271805
          ],
          [
            -23.222914,
            15.271811
          ],
          [
            -23.222947,
            15.271816
          ],
          [
            -23.222993,
            15.27182
          ],
          [
            -23.223017,
            15.271813
          ],
          [
            -23.22304,
            15.271807
          ],
          [
            -23.223073,
            15.271785
          ],
          [
            -23.223094,
            15.27177
          ],
          [
            -23.223116,
            15.271741
          ],
          [
            -23.223184,
            15.271634
          ],
          [
            -23.2232,
            15.271596
          ],
          [
            -23.223225,
            15.271548
          ],
          [
            -23.223257,
            15.271499
          ],
          [
            -23.223279,
            15.271471
          ],
          [
            -23.223298,
            15.271425
          ],
          [
            -23.223319,
            15.271373
          ],
          [
            -23.22334,
            15.271326
          ],
          [
            -23.223363,
            15.271288
          ],
          [
            -23.223398,
            15.27123
          ],
          [
            -23.223405,
            15.271207
          ],
          [
            -23.223414,
            15.271165
          ],
          [
            -23.223422,
            15.271125
          ],
          [
            -23.223429,
            15.271087
          ],
          [
            -23.22345,
            15.270982
          ],
          [
            -23.223461,
            15.27094
          ],
          [
            -23.223485,
            15.270875
          ],
          [
            -23.2235,
            15.270846
          ],
          [
            -23.22351,
            15.270826
          ],
          [
            -23.223527,
            15.270792
          ],
          [
            -23.223549,
            15.270742
          ],
          [
            -23.223594,
            15.270693
          ],
          [
            -23.22365,
            15.270635
          ],
          [
            -23.223733,
            15.270544
          ],
          [
            -23.223763,
            15.270529
          ],
          [
            -23.223791,
            15.270506
          ],
          [
            -23.223833,
            15.270493
          ],
          [
            -23.223871,
            15.270477
          ],
          [
            -23.223913,
            15.27047
          ],
          [
            -23.223936,
            15.270467
          ],
          [
            -23.223963,
            15.270453
          ],
          [
            -23.223985,
            15.270441
          ],
          [
            -23.224007,
            15.270408
          ],
          [
            -23.224047,
            15.270381
          ],
          [
            -23.224061,
            15.270363
          ],
          [
            -23.224075,
            15.270345
          ],
          [
            -23.224108,
            15.270315
          ],
          [
            -23.224129,
            15.270296
          ],
          [
            -23.224139,
            15.270271
          ],
          [
            -23.224151,
            15.270223
          ],
          [
            -23.224155,
            15.270198
          ],
          [
            -23.22416,
            15.270163
          ],
          [
            -23.224168,
            15.270128
          ],
          [
            -23.224185,
            15.270092
          ],
          [
            -23.2242,
            15.270054
          ],
          [
            -23.224214,
            15.269994
          ],
          [
            -23.224237,
            15.269951
          ],
          [
            -23.224255,
            15.269917
          ],
          [
            -23.224274,
            15.269906
          ],
          [
            -23.224305,
            15.269878
          ],
          [
            -23.224331,
            15.269848
          ],
          [
            -23.224349,
            15.269823
          ],
          [
            -23.224356,
            15.269812
          ],
          [
            -23.224363,
            15.26979
          ],
          [
            -23.224368,
            15.269766
          ],
          [
            -23.224374,
            15.269739
          ],
          [
            -23.224384,
            15.269707
          ],
          [
            -23.22439,
            15.269665
          ],
          [
            -23.224397,
            15.26964
          ],
          [
            -23.224409,
            15.269586
          ],
          [
            -23.22442,
            15.269545
          ],
          [
            -23.224422,
            15.269504
          ],
          [
            -23.224413,
            15.269468
          ],
          [
            -23.224401,
            15.269441
          ],
          [
            -23.224396,
            15.269423
          ],
          [
            -23.22439,
            15.2694
          ],
          [
            -23.224384,
            15.26937
          ],
          [
            -23.224391,
            15.269349
          ],
          [
            -23.224401,
            15.269324
          ],
          [
            -23.224406,
            15.269305
          ],
          [
            -23.224408,
            15.269293
          ],
          [
            -23.224412,
            15.269286
          ],
          [
            -23.224421,
            15.26924
          ],
          [
            -23.224428,
            15.269222
          ],
          [
            -23.224438,
            15.2692
          ],
          [
            -23.224442,
            15.269191
          ],
          [
            -23.224448,
            15.269175
          ],
          [
            -23.224451,
            15.269162
          ],
          [
            -23.224457,
            15.269139
          ],
          [
            -23.224462,
            15.269122
          ],
          [
            -23.224465,
            15.269102
          ],
          [
            -23.224466,
            15.269087
          ],
          [
            -23.224467,
            15.269078
          ],
          [
            -23.224467,
            15.269039
          ],
          [
            -23.224471,
            15.269023
          ],
          [
            -23.224474,
            15.269002
          ],
          [
            -23.224476,
            15.268985
          ],
          [
            -23.22448,
            15.268971
          ],
          [
            -23.224489,
            15.26894
          ],
          [
            -23.224494,
            15.268934
          ],
          [
            -23.224519,
            15.268902
          ],
          [
            -23.224559,
            15.268864
          ],
          [
            -23.224586,
            15.268836
          ],
          [
            -23.224623,
            15.268804
          ],
          [
            -23.224641,
            15.268789
          ],
          [
            -23.224665,
            15.268768
          ],
          [
            -23.224681,
            15.268755
          ],
          [
            -23.224687,
            15.26875
          ],
          [
            -23.224688,
            15.268748
          ],
          [
            -23.224693,
            15.268736
          ],
          [
            -23.224699,
            15.268723
          ],
          [
            -23.224705,
            15.268709
          ],
          [
            -23.224709,
            15.268688
          ],
          [
            -23.224712,
            15.268674
          ],
          [
            -23.224712,
            15.268667
          ],
          [
            -23.224716,
            15.268656
          ],
          [
            -23.224719,
            15.268644
          ],
          [
            -23.224723,
            15.268631
          ],
          [
            -23.224725,
            15.268622
          ],
          [
            -23.224725,
            15.268617
          ],
          [
            -23.224726,
            15.268613
          ],
          [
            -23.224728,
            15.268596
          ],
          [
            -23.22473,
            15.26858
          ],
          [
            -23.224729,
            15.268569
          ],
          [
            -23.224728,
            15.268564
          ],
          [
            -23.224726,
            15.268557
          ],
          [
            -23.224724,
            15.26855
          ],
          [
            -23.22472,
            15.26853
          ],
          [
            -23.224715,
            15.268514
          ],
          [
            -23.224711,
            15.268501
          ],
          [
            -23.224708,
            15.268491
          ],
          [
            -23.224705,
            15.268483
          ],
          [
            -23.224703,
            15.268479
          ],
          [
            -23.224695,
            15.26846
          ],
          [
            -23.224688,
            15.268448
          ],
          [
            -23.224673,
            15.26843
          ],
          [
            -23.224664,
            15.26842
          ],
          [
            -23.224649,
            15.268409
          ],
          [
            -23.224639,
            15.268398
          ],
          [
            -23.224624,
            15.268384
          ],
          [
            -23.224616,
            15.268373
          ],
          [
            -23.224609,
            15.268364
          ],
          [
            -23.224603,
            15.268357
          ],
          [
            -23.224597,
            15.268345
          ],
          [
            -23.224592,
            15.268336
          ],
          [
            -23.224588,
            15.26833
          ],
          [
            -23.224584,
            15.268321
          ],
          [
            -23.224583,
            15.268317
          ],
          [
            -23.224578,
            15.26831
          ],
          [
            -23.224576,
            15.268306
          ],
          [
            -23.224574,
            15.268302
          ],
          [
            -23.224572,
            15.268298
          ],
          [
            -23.224571,
            15.26829
          ],
          [
            -23.224562,
            15.268282
          ],
          [
            -23.224556,
            15.268275
          ],
          [
            -23.224552,
            15.268271
          ],
          [
            -23.224548,
            15.268266
          ],
          [
            -23.224543,
            15.268261
          ],
          [
            -23.224541,
            15.268256
          ],
          [
            -23.224538,
            15.268253
          ],
          [
            -23.224534,
            15.268251
          ],
          [
            -23.224525,
            15.268247
          ],
          [
            -23.224513,
            15.268243
          ],
          [
            -23.224504,
            15.268241
          ],
          [
            -23.224497,
            15.268237
          ],
          [
            -23.224491,
            15.268236
          ],
          [
            -23.224484,
            15.268234
          ],
          [
            -23.22448,
            15.268234
          ],
          [
            -23.224477,
            15.268234
          ],
          [
            -23.224459,
            15.268233
          ],
          [
            -23.224438,
            15.26823
          ],
          [
            -23.224426,
            15.268226
          ],
          [
            -23.224411,
            15.268221
          ],
          [
            -23.224404,
            15.268218
          ],
          [
            -23.224392,
            15.268207
          ],
          [
            -23.224381,
            15.268198
          ],
          [
            -23.224377,
            15.268193
          ],
          [
            -23.224374,
            15.268188
          ],
          [
            -23.224371,
            15.268182
          ],
          [
            -23.224369,
            15.268178
          ],
          [
            -23.224365,
            15.268171
          ],
          [
            -23.224362,
            15.268164
          ],
          [
            -23.224355,
            15.268156
          ],
          [
            -23.224348,
            15.268146
          ],
          [
            -23.22434,
            15.268138
          ],
          [
            -23.224321,
            15.268122
          ],
          [
            -23.224315,
            15.268116
          ],
          [
            -23.224304,
            15.268108
          ],
          [
            -23.224298,
            15.268103
          ],
          [
            -23.224296,
            15.268099
          ],
          [
            -23.224287,
            15.268086
          ],
          [
            -23.224283,
            15.268082
          ],
          [
            -23.224283,
            15.268079
          ],
          [
            -23.224281,
            15.268076
          ],
          [
            -23.224273,
            15.268053
          ],
          [
            -23.224273,
            15.268022
          ],
          [
            -23.22428,
            15.267988
          ],
          [
            -23.224285,
            15.267958
          ],
          [
            -23.22429,
            15.26793
          ],
          [
            -23.224293,
            15.2679
          ],
          [
            -23.224293,
            15.267863
          ],
          [
            -23.22428,
            15.267832
          ],
          [
            -23.22426,
            15.267805
          ],
          [
            -23.224248,
            15.267798
          ],
          [
            -23.224228,
            15.267787
          ],
          [
            -23.224192,
            15.26777
          ],
          [
            -23.224158,
            15.267755
          ],
          [
            -23.22414,
            15.267742
          ],
          [
            -23.224125,
            15.267705
          ],
          [
            -23.224117,
            15.267671
          ],
          [
            -23.224109,
            15.267645
          ],
          [
            -23.224105,
            15.267627
          ],
          [
            -23.224105,
            15.267609
          ],
          [
            -23.224103,
            15.267571
          ],
          [
            -23.224103,
            15.26753
          ],
          [
            -23.224103,
            15.267488
          ],
          [
            -23.224105,
            15.267433
          ],
          [
            -23.224103,
            15.267383
          ],
          [
            -23.224103,
            15.267328
          ],
          [
            -23.224108,
            15.267284
          ],
          [
            -23.224127,
            15.267247
          ],
          [
            -23.224155,
            15.267213
          ],
          [
            -23.224182,
            15.267187
          ],
          [
            -23.224217,
            15.267165
          ],
          [
            -23.224248,
            15.267137
          ],
          [
            -23.224272,
            15.267103
          ],
          [
            -23.2243,
            15.267073
          ],
          [
            -23.224335,
            15.267047
          ],
          [
            -23.224373,
            15.267015
          ],
          [
            -23.224412,
            15.266987
          ],
          [
            -23.224453,
            15.266958
          ],
          [
            -23.224495,
            15.266928
          ],
          [
            -23.224538,
            15.266903
          ],
          [
            -23.224577,
            15.266877
          ],
          [
            -23.224615,
            15.266839
          ],
          [
            -23.224649,
            15.266808
          ],
          [
            -23.224683,
            15.266776
          ],
          [
            -23.224721,
            15.266753
          ],
          [
            -23.22477,
            15.266739
          ],
          [
            -23.224813,
            15.266739
          ],
          [
            -23.224864,
            15.266742
          ],
          [
            -23.224915,
            15.266744
          ],
          [
            -23.224969,
            15.266745
          ],
          [
            -23.225021,
            15.266742
          ],
          [
            -23.225072,
            15.266734
          ],
          [
            -23.225118,
            15.266732
          ],
          [
            -23.225162,
            15.266728
          ],
          [
            -23.225212,
            15.266727
          ],
          [
            -23.225253,
            15.266732
          ],
          [
            -23.225302,
            15.266728
          ],
          [
            -23.225351,
            15.266724
          ],
          [
            -23.225389,
            15.266707
          ],
          [
            -23.225428,
            15.266697
          ],
          [
            -23.225467,
            15.266682
          ],
          [
            -23.225507,
            15.266669
          ],
          [
            -23.225546,
            15.266662
          ],
          [
            -23.225582,
            15.266656
          ],
          [
            -23.225621,
            15.266645
          ],
          [
            -23.225665,
            15.26663
          ],
          [
            -23.225707,
            15.266618
          ],
          [
            -23.225747,
            15.266616
          ],
          [
            -23.225793,
            15.266604
          ],
          [
            -23.225832,
            15.266593
          ],
          [
            -23.225865,
            15.266585
          ],
          [
            -23.225897,
            15.266575
          ],
          [
            -23.22593,
            15.266568
          ],
          [
            -23.225957,
            15.266562
          ],
          [
            -23.225985,
            15.266555
          ],
          [
            -23.226022,
            15.26654
          ],
          [
            -23.226055,
            15.266527
          ],
          [
            -23.226095,
            15.266515
          ],
          [
            -23.226135,
            15.266505
          ],
          [
            -23.226168,
            15.2665
          ],
          [
            -23.226208,
            15.266497
          ],
          [
            -23.226252,
            15.26649
          ],
          [
            -23.226292,
            15.266482
          ],
          [
            -23.226332,
            15.266473
          ],
          [
            -23.226367,
            15.266464
          ],
          [
            -23.226415,
            15.26645
          ],
          [
            -23.22645,
            15.266437
          ],
          [
            -23.226482,
            15.266425
          ],
          [
            -23.226515,
            15.266415
          ],
          [
            -23.226546,
            15.26641
          ],
          [
            -23.226587,
            15.266406
          ],
          [
            -23.226627,
            15.266403
          ],
          [
            -23.226662,
            15.266405
          ],
          [
            -23.226697,
            15.266407
          ],
          [
            -23.226741,
            15.266408
          ],
          [
            -23.226781,
            15.266415
          ],
          [
            -23.22682,
            15.266424
          ],
          [
            -23.226857,
            15.266422
          ],
          [
            -23.226889,
            15.266438
          ],
          [
            -23.226923,
            15.26646
          ],
          [
            -23.226957,
            15.266477
          ],
          [
            -23.226984,
            15.266485
          ],
          [
            -23.22702,
            15.266475
          ],
          [
            -23.227058,
            15.26646
          ],
          [
            -23.227098,
            15.266443
          ],
          [
            -23.227125,
            15.266415
          ],
          [
            -23.22713,
            15.266375
          ],
          [
            -23.227134,
            15.266333
          ],
          [
            -23.227142,
            15.266295
          ],
          [
            -23.22716,
            15.266255
          ],
          [
            -23.227181,
            15.26622
          ],
          [
            -23.227208,
            15.266192
          ],
          [
            -23.227234,
            15.266156
          ],
          [
            -23.22726,
            15.266113
          ],
          [
            -23.227287,
            15.26608
          ],
          [
            -23.227308,
            15.266053
          ],
          [
            -23.22732,
            15.266022
          ],
          [
            -23.227324,
            15.265987
          ],
          [
            -23.227332,
            15.265957
          ],
          [
            -23.227343,
            15.265918
          ],
          [
            -23.227355,
            15.265882
          ],
          [
            -23.227367,
            15.265848
          ],
          [
            -23.227382,
            15.265822
          ],
          [
            -23.227399,
            15.265805
          ],
          [
            -23.227425,
            15.265795
          ],
          [
            -23.22745,
            15.265775
          ],
          [
            -23.227478,
            15.265753
          ],
          [
            -23.227512,
            15.265735
          ],
          [
            -23.227547,
            15.265712
          ],
          [
            -23.227581,
            15.265684
          ],
          [
            -23.227617,
            15.265657
          ],
          [
            -23.227645,
            15.265632
          ],
          [
            -23.227672,
            15.265603
          ],
          [
            -23.227703,
            15.265571
          ],
          [
            -23.227737,
            15.265539
          ],
          [
            -23.227774,
            15.2655
          ],
          [
            -23.22781,
            15.265459
          ],
          [
            -23.227846,
            15.265418
          ],
          [
            -23.227878,
            15.265372
          ],
          [
            -23.227911,
            15.265329
          ],
          [
            -23.227941,
            15.265298
          ],
          [
            -23.227971,
            15.265268
          ],
          [
            -23.227999,
            15.265238
          ],
          [
            -23.228027,
            15.265217
          ],
          [
            -23.228045,
            15.265188
          ],
          [
            -23.228067,
            15.26516
          ],
          [
            -23.228084,
            15.265132
          ],
          [
            -23.228106,
            15.265108
          ],
          [
            -23.22813,
            15.265084
          ],
          [
            -23.228152,
            15.265049
          ],
          [
            -23.228178,
            15.265022
          ],
          [
            -23.228202,
            15.264998
          ],
          [
            -23.228228,
            15.26497
          ],
          [
            -23.228247,
            15.264947
          ],
          [
            -23.228282,
            15.264916
          ],
          [
            -23.228306,
            15.264883
          ],
          [
            -23.22833,
            15.264848
          ],
          [
            -23.228357,
            15.264822
          ],
          [
            -23.228387,
            15.264797
          ],
          [
            -23.228413,
            15.264787
          ],
          [
            -23.228454,
            15.264777
          ],
          [
            -23.228495,
            15.264768
          ],
          [
            -23.228542,
            15.264762
          ],
          [
            -23.228583,
            15.264758
          ],
          [
            -23.228633,
            15.264747
          ],
          [
            -23.228675,
            15.264735
          ],
          [
            -23.228708,
            15.264718
          ],
          [
            -23.228747,
            15.264693
          ],
          [
            -23.228782,
            15.264678
          ],
          [
            -23.228817,
            15.264678
          ],
          [
            -23.228847,
            15.26468
          ],
          [
            -23.228872,
            15.264687
          ],
          [
            -23.228901,
            15.264703
          ],
          [
            -23.228933,
            15.264728
          ],
          [
            -23.228962,
            15.264731
          ],
          [
            -23.22899,
            15.26472
          ],
          [
            -23.229022,
            15.264699
          ],
          [
            -23.229052,
            15.264678
          ],
          [
            -23.22908,
            15.264661
          ],
          [
            -23.229124,
            15.264643
          ],
          [
            -23.229165,
            15.264635
          ],
          [
            -23.229216,
            15.264633
          ],
          [
            -23.229262,
            15.26462
          ],
          [
            -23.229305,
            15.264608
          ],
          [
            -23.229351,
            15.264595
          ],
          [
            -23.229394,
            15.264587
          ],
          [
            -23.229445,
            15.264578
          ],
          [
            -23.22949,
            15.26457
          ],
          [
            -23.229533,
            15.264565
          ],
          [
            -23.229568,
            15.264555
          ],
          [
            -23.229598,
            15.26454
          ],
          [
            -23.229627,
            15.264522
          ],
          [
            -23.229652,
            15.264505
          ],
          [
            -23.229671,
            15.26449
          ],
          [
            -23.229685,
            15.264478
          ],
          [
            -23.229705,
            15.264463
          ],
          [
            -23.229727,
            15.264445
          ],
          [
            -23.229743,
            15.264423
          ],
          [
            -23.229756,
            15.264398
          ],
          [
            -23.229746,
            15.264366
          ],
          [
            -23.229727,
            15.264315
          ],
          [
            -23.229679,
            15.264206
          ],
          [
            -23.229644,
            15.264143
          ],
          [
            -23.229569,
            15.264019
          ],
          [
            -23.229503,
            15.263911
          ],
          [
            -23.229469,
            15.263856
          ],
          [
            -23.229441,
            15.263811
          ],
          [
            -23.229428,
            15.263741
          ],
          [
            -23.22943,
            15.263671
          ],
          [
            -23.229422,
            15.263576
          ],
          [
            -23.229397,
            15.263492
          ],
          [
            -23.229385,
            15.263408
          ],
          [
            -23.229378,
            15.263298
          ],
          [
            -23.229376,
            15.263226
          ],
          [
            -23.229371,
            15.263168
          ],
          [
            -23.229365,
            15.263105
          ],
          [
            -23.229364,
            15.26304
          ],
          [
            -23.22936,
            15.262946
          ],
          [
            -23.229351,
            15.262892
          ],
          [
            -23.229342,
            15.26271
          ],
          [
            -23.229334,
            15.262543
          ],
          [
            -23.229323,
            15.26243
          ],
          [
            -23.229319,
            15.262348
          ],
          [
            -23.229313,
            15.262273
          ],
          [
            -23.229307,
            15.26221
          ],
          [
            -23.229315,
            15.262155
          ],
          [
            -23.22933,
            15.262091
          ],
          [
            -23.229338,
            15.262029
          ],
          [
            -23.229335,
            15.261974
          ],
          [
            -23.229323,
            15.261933
          ],
          [
            -23.229297,
            15.261865
          ],
          [
            -23.22927,
            15.2618
          ],
          [
            -23.229249,
            15.261744
          ],
          [
            -23.229238,
            15.261701
          ],
          [
            -23.229223,
            15.261637
          ],
          [
            -23.229218,
            15.261595
          ],
          [
            -23.229214,
            15.261554
          ],
          [
            -23.229212,
            15.26148
          ],
          [
            -23.229208,
            15.261431
          ],
          [
            -23.2292,
            15.261392
          ],
          [
            -23.229192,
            15.261344
          ],
          [
            -23.229179,
            15.261303
          ],
          [
            -23.229171,
            15.26127
          ],
          [
            -23.229156,
            15.261193
          ],
          [
            -23.229166,
            15.26114
          ],
          [
            -23.229194,
            15.26104
          ],
          [
            -23.229213,
            15.260966
          ],
          [
            -23.229249,
            15.260818
          ],
          [
            -23.229285,
            15.260719
          ],
          [
            -23.229302,
            15.260668
          ],
          [
            -23.229316,
            15.260625
          ],
          [
            -23.229341,
            15.260593
          ],
          [
            -23.229411,
            15.260492
          ],
          [
            -23.229432,
            15.260452
          ],
          [
            -23.229449,
            15.260404
          ],
          [
            -23.229461,
            15.260359
          ],
          [
            -23.229466,
            15.260307
          ],
          [
            -23.229484,
            15.260218
          ],
          [
            -23.2295,
            15.26015
          ],
          [
            -23.229505,
            15.260075
          ],
          [
            -23.229519,
            15.259999
          ],
          [
            -23.229519,
            15.259957
          ],
          [
            -23.229523,
            15.2599
          ],
          [
            -23.229525,
            15.259857
          ],
          [
            -23.229516,
            15.259815
          ],
          [
            -23.229501,
            15.259752
          ],
          [
            -23.229485,
            15.259701
          ],
          [
            -23.229457,
            15.259625
          ],
          [
            -23.229441,
            15.259572
          ],
          [
            -23.229443,
            15.259527
          ],
          [
            -23.229439,
            15.259498
          ],
          [
            -23.229429,
            15.25945
          ],
          [
            -23.229422,
            15.259428
          ],
          [
            -23.229409,
            15.259397
          ],
          [
            -23.229394,
            15.259364
          ],
          [
            -23.229376,
            15.259342
          ],
          [
            -23.229331,
            15.259303
          ],
          [
            -23.22928,
            15.25927
          ],
          [
            -23.229257,
            15.259247
          ],
          [
            -23.229185,
            15.259203
          ],
          [
            -23.229082,
            15.259097
          ],
          [
            -23.229014,
            15.259033
          ],
          [
            -23.228958,
            15.258991
          ],
          [
            -23.228866,
            15.2589
          ],
          [
            -23.228823,
            15.258846
          ],
          [
            -23.228725,
            15.25875
          ],
          [
            -23.228666,
            15.258707
          ],
          [
            -23.228586,
            15.258661
          ],
          [
            -23.228543,
            15.258646
          ],
          [
            -23.228503,
            15.258638
          ],
          [
            -23.228427,
            15.258632
          ],
          [
            -23.228382,
            15.258637
          ],
          [
            -23.228311,
            15.258642
          ],
          [
            -23.228248,
            15.258653
          ],
          [
            -23.228177,
            15.258678
          ],
          [
            -23.228099,
            15.258726
          ],
          [
            -23.228022,
            15.258788
          ],
          [
            -23.227975,
            15.258844
          ],
          [
            -23.227908,
            15.258884
          ],
          [
            -23.227862,
            15.2589
          ],
          [
            -23.22781,
            15.258905
          ],
          [
            -23.227747,
            15.258916
          ],
          [
            -23.227676,
            15.258924
          ],
          [
            -23.227623,
            15.258927
          ],
          [
            -23.227569,
            15.258922
          ],
          [
            -23.227494,
            15.258912
          ],
          [
            -23.227442,
            15.258903
          ],
          [
            -23.227367,
            15.258909
          ],
          [
            -23.227345,
            15.258921
          ],
          [
            -23.227317,
            15.25894
          ],
          [
            -23.227306,
            15.258956
          ],
          [
            -23.22731,
            15.258998
          ],
          [
            -23.227312,
            15.25905
          ],
          [
            -23.227337,
            15.259123
          ],
          [
            -23.227354,
            15.259164
          ],
          [
            -23.227363,
            15.259217
          ],
          [
            -23.227366,
            15.259248
          ],
          [
            -23.227361,
            15.25931
          ],
          [
            -23.227344,
            15.259352
          ],
          [
            -23.227319,
            15.259402
          ],
          [
            -23.227286,
            15.259434
          ],
          [
            -23.22725,
            15.25946
          ],
          [
            -23.227185,
            15.259498
          ],
          [
            -23.227113,
            15.259516
          ],
          [
            -23.227028,
            15.259519
          ],
          [
            -23.226956,
            15.259502
          ],
          [
            -23.226901,
            15.259488
          ],
          [
            -23.226842,
            15.259469
          ],
          [
            -23.226779,
            15.259439
          ],
          [
            -23.226733,
            15.259413
          ],
          [
            -23.226696,
            15.259388
          ],
          [
            -23.22664,
            15.259351
          ],
          [
            -23.226603,
            15.259324
          ],
          [
            -23.226567,
            15.25929
          ],
          [
            -23.226543,
            15.259259
          ],
          [
            -23.226525,
            15.259229
          ],
          [
            -23.226514,
            15.25921
          ],
          [
            -23.226506,
            15.259192
          ],
          [
            -23.2265,
            15.259181
          ],
          [
            -23.226487,
            15.259161
          ],
          [
            -23.226481,
            15.259154
          ],
          [
            -23.226472,
            15.259141
          ],
          [
            -23.226463,
            15.259134
          ],
          [
            -23.226453,
            15.259117
          ],
          [
            -23.226439,
            15.259101
          ],
          [
            -23.226425,
            15.259091
          ],
          [
            -23.226408,
            15.259092
          ],
          [
            -23.226393,
            15.259099
          ],
          [
            -23.226381,
            15.259103
          ],
          [
            -23.226367,
            15.259105
          ],
          [
            -23.22635,
            15.259107
          ],
          [
            -23.226331,
            15.25911
          ],
          [
            -23.226317,
            15.25911
          ],
          [
            -23.226299,
            15.259112
          ],
          [
            -23.226275,
            15.259114
          ],
          [
            -23.22624,
            15.259112
          ],
          [
            -23.226222,
            15.259113
          ],
          [
            -23.226198,
            15.259111
          ],
          [
            -23.226158,
            15.259101
          ],
          [
            -23.226134,
            15.259094
          ],
          [
            -23.226093,
            15.259081
          ],
          [
            -23.22605,
            15.259074
          ],
          [
            -23.226019,
            15.259071
          ],
          [
            -23.225984,
            15.259065
          ],
          [
            -23.225962,
            15.259064
          ],
          [
            -23.225951,
            15.259064
          ],
          [
            -23.22592,
            15.259063
          ],
          [
            -23.225898,
            15.259063
          ],
          [
            -23.225883,
            15.259063
          ],
          [
            -23.225856,
            15.259061
          ],
          [
            -23.225712,
            15.25906
          ],
          [
            -23.225595,
            15.259068
          ],
          [
            -23.225509,
            15.25907
          ],
          [
            -23.225423,
            15.259066
          ],
          [
            -23.225337,
            15.259041
          ],
          [
            -23.225286,
            15.259032
          ],
          [
            -23.225262,
            15.259028
          ],
          [
            -23.224984,
            15.258974
          ],
          [
            -23.224827,
            15.258975
          ],
          [
            -23.224718,
            15.25898
          ],
          [
            -23.224589,
            15.258997
          ],
          [
            -23.22448,
            15.259002
          ],
          [
            -23.224402,
            15.259
          ],
          [
            -23.224351,
            15.258984
          ],
          [
            -23.224279,
            15.258977
          ],
          [
            -23.224236,
            15.258969
          ],
          [
            -23.22418,
            15.258956
          ],
          [
            -23.224113,
            15.25894
          ],
          [
            -23.223855,
            15.2589
          ],
          [
            -23.223704,
            15.258847
          ],
          [
            -23.223548,
            15.258838
          ],
          [
            -23.223299,
            15.258827
          ],
          [
            -23.222977,
            15.2588
          ],
          [
            -23.222818,
            15.258803
          ],
          [
            -23.222666,
            15.258792
          ],
          [
            -23.22251,
            15.258787
          ],
          [
            -23.222439,
            15.258777
          ],
          [
            -23.222286,
            15.258744
          ],
          [
            -23.222114,
            15.258717
          ],
          [
            -23.221974,
            15.258696
          ],
          [
            -23.221788,
            15.258645
          ],
          [
            -23.221649,
            15.258598
          ],
          [
            -23.221556,
            15.258553
          ],
          [
            -23.221493,
            15.258515
          ],
          [
            -23.221429,
            15.258454
          ],
          [
            -23.221368,
            15.258413
          ],
          [
            -23.221308,
            15.258382
          ],
          [
            -23.221258,
            15.25835
          ],
          [
            -23.221178,
            15.258302
          ],
          [
            -23.221072,
            15.258251
          ],
          [
            -23.220991,
            15.258215
          ],
          [
            -23.220909,
            15.258171
          ],
          [
            -23.220837,
            15.258126
          ],
          [
            -23.220754,
            15.258077
          ],
          [
            -23.220676,
            15.258024
          ],
          [
            -23.220584,
            15.257966
          ],
          [
            -23.22053,
            15.25792
          ],
          [
            -23.220495,
            15.257891
          ],
          [
            -23.220438,
            15.257839
          ],
          [
            -23.220405,
            15.257788
          ],
          [
            -23.220366,
            15.257749
          ],
          [
            -23.22032,
            15.257697
          ],
          [
            -23.220268,
            15.257661
          ],
          [
            -23.220232,
            15.257635
          ],
          [
            -23.220163,
            15.25759
          ],
          [
            -23.220068,
            15.257499
          ],
          [
            -23.220003,
            15.25743
          ],
          [
            -23.219939,
            15.25736
          ],
          [
            -23.219858,
            15.257274
          ],
          [
            -23.219754,
            15.257185
          ],
          [
            -23.219676,
            15.257108
          ],
          [
            -23.219596,
            15.25704
          ],
          [
            -23.219516,
            15.256956
          ],
          [
            -23.21947,
            15.256917
          ],
          [
            -23.219423,
            15.256887
          ],
          [
            -23.219375,
            15.256859
          ],
          [
            -23.219297,
            15.256823
          ],
          [
            -23.219242,
            15.256787
          ],
          [
            -23.219179,
            15.256722
          ],
          [
            -23.219094,
            15.256586
          ],
          [
            -23.219027,
            15.25649
          ],
          [
            -23.218918,
            15.25636
          ],
          [
            -23.218805,
            15.256233
          ],
          [
            -23.218656,
            15.256003
          ],
          [
            -23.218599,
            15.255883
          ],
          [
            -23.218585,
            15.255789
          ],
          [
            -23.218574,
            15.255696
          ],
          [
            -23.218554,
            15.255602
          ],
          [
            -23.218521,
            15.255532
          ],
          [
            -23.218482,
            15.25546
          ],
          [
            -23.21842,
            15.255391
          ],
          [
            -23.218342,
            15.255321
          ],
          [
            -23.218265,
            15.255253
          ],
          [
            -23.218216,
            15.255211
          ],
          [
            -23.218156,
            15.255149
          ],
          [
            -23.218115,
            15.255087
          ],
          [
            -23.218067,
            15.254997
          ],
          [
            -23.218011,
            15.254917
          ],
          [
            -23.217941,
            15.25481
          ],
          [
            -23.217867,
            15.254718
          ],
          [
            -23.217763,
            15.254577
          ],
          [
            -23.217713,
            15.254506
          ],
          [
            -23.217648,
            15.254427
          ],
          [
            -23.21761,
            15.254382
          ],
          [
            -23.217554,
            15.254323
          ],
          [
            -23.217544,
            15.254312
          ],
          [
            -23.217478,
            15.254257
          ],
          [
            -23.217441,
            15.254194
          ],
          [
            -23.217425,
            15.254139
          ],
          [
            -23.217432,
            15.254075
          ],
          [
            -23.217442,
            15.254003
          ],
          [
            -23.217454,
            15.25393
          ],
          [
            -23.217477,
            15.253857
          ],
          [
            -23.21751,
            15.253782
          ],
          [
            -23.217549,
            15.253715
          ],
          [
            -23.217595,
            15.253652
          ],
          [
            -23.217634,
            15.253602
          ],
          [
            -23.217657,
            15.253557
          ],
          [
            -23.217649,
            15.253537
          ],
          [
            -23.217604,
            15.253496
          ],
          [
            -23.217566,
            15.25346
          ],
          [
            -23.217532,
            15.253415
          ],
          [
            -23.217521,
            15.253404
          ],
          [
            -23.217465,
            15.253251
          ],
          [
            -23.217436,
            15.253109
          ],
          [
            -23.217406,
            15.252987
          ],
          [
            -23.21738,
            15.252919
          ],
          [
            -23.21735,
            15.252813
          ],
          [
            -23.217295,
            15.252659
          ],
          [
            -23.2173,
            15.252551
          ],
          [
            -23.217311,
            15.252453
          ],
          [
            -23.2173,
            15.252357
          ],
          [
            -23.217261,
            15.252307
          ],
          [
            -23.217239,
            15.252271
          ],
          [
            -23.2172,
            15.252195
          ],
          [
            -23.21718,
            15.252157
          ],
          [
            -23.21717,
            15.252135
          ],
          [
            -23.217149,
            15.2521
          ],
          [
            -23.217046,
            15.251901
          ],
          [
            -23.216979,
            15.251773
          ],
          [
            -23.216898,
            15.251587
          ],
          [
            -23.216852,
            15.251439
          ],
          [
            -23.216767,
            15.251277
          ],
          [
            -23.216674,
            15.251051
          ],
          [
            -23.216634,
            15.250958
          ],
          [
            -23.216585,
            15.25087
          ],
          [
            -23.216486,
            15.250714
          ],
          [
            -23.216398,
            15.250565
          ],
          [
            -23.216349,
            15.250477
          ],
          [
            -23.216306,
            15.250413
          ],
          [
            -23.216272,
            15.250342
          ],
          [
            -23.216229,
            15.250246
          ],
          [
            -23.216203,
            15.250162
          ],
          [
            -23.216159,
            15.249987
          ],
          [
            -23.216119,
            15.249853
          ],
          [
            -23.216065,
            15.249761
          ],
          [
            -23.216032,
            15.249698
          ],
          [
            -23.215909,
            15.249456
          ],
          [
            -23.21583,
            15.249298
          ],
          [
            -23.215764,
            15.24908
          ],
          [
            -23.215714,
            15.248872
          ],
          [
            -23.215674,
            15.248776
          ],
          [
            -23.215646,
            15.248716
          ],
          [
            -23.215597,
            15.248642
          ],
          [
            -23.21554,
            15.248576
          ],
          [
            -23.215507,
            15.24853
          ],
          [
            -23.2155,
            15.248458
          ],
          [
            -23.215488,
            15.248363
          ],
          [
            -23.215476,
            15.248264
          ],
          [
            -23.215422,
            15.24816
          ],
          [
            -23.215365,
            15.248113
          ],
          [
            -23.215266,
            15.248083
          ],
          [
            -23.215199,
            15.248056
          ],
          [
            -23.215133,
            15.248018
          ],
          [
            -23.215057,
            15.247977
          ],
          [
            -23.215002,
            15.247947
          ],
          [
            -23.214963,
            15.247917
          ],
          [
            -23.214666,
            15.247711
          ],
          [
            -23.214565,
            15.247551
          ],
          [
            -23.214525,
            15.247375
          ],
          [
            -23.214509,
            15.247283
          ],
          [
            -23.214531,
            15.247119
          ],
          [
            -23.214619,
            15.246937
          ],
          [
            -23.214717,
            15.246901
          ],
          [
            -23.214792,
            15.246854
          ],
          [
            -23.214804,
            15.246806
          ],
          [
            -23.214809,
            15.246711
          ],
          [
            -23.214826,
            15.246603
          ],
          [
            -23.214877,
            15.24646
          ],
          [
            -23.214928,
            15.246257
          ],
          [
            -23.214958,
            15.246081
          ],
          [
            -23.214996,
            15.245982
          ],
          [
            -23.215036,
            15.24585
          ],
          [
            -23.215036,
            15.2458
          ],
          [
            -23.215049,
            15.245718
          ],
          [
            -23.215062,
            15.245651
          ],
          [
            -23.215071,
            15.245565
          ],
          [
            -23.215083,
            15.245543
          ],
          [
            -23.215102,
            15.245503
          ],
          [
            -23.215112,
            15.245474
          ],
          [
            -23.215129,
            15.245424
          ],
          [
            -23.215146,
            15.245364
          ],
          [
            -23.215161,
            15.245332
          ],
          [
            -23.215186,
            15.245283
          ],
          [
            -23.215203,
            15.245234
          ],
          [
            -23.215193,
            15.245184
          ],
          [
            -23.215183,
            15.245146
          ],
          [
            -23.215183,
            15.245122
          ],
          [
            -23.215183,
            15.245084
          ],
          [
            -23.215182,
            15.245052
          ],
          [
            -23.215182,
            15.245024
          ],
          [
            -23.215184,
            15.244988
          ],
          [
            -23.215184,
            15.244978
          ],
          [
            -23.215187,
            15.244938
          ],
          [
            -23.215193,
            15.244898
          ],
          [
            -23.215193,
            15.244847
          ],
          [
            -23.215201,
            15.24473
          ],
          [
            -23.215212,
            15.244686
          ],
          [
            -23.215215,
            15.244636
          ],
          [
            -23.215221,
            15.244596
          ],
          [
            -23.215244,
            15.244495
          ],
          [
            -23.215261,
            15.24445
          ],
          [
            -23.215256,
            15.244407
          ],
          [
            -23.215243,
            15.244346
          ],
          [
            -23.215237,
            15.244295
          ],
          [
            -23.215238,
            15.244209
          ],
          [
            -23.215239,
            15.244121
          ],
          [
            -23.215231,
            15.244075
          ],
          [
            -23.215221,
            15.244011
          ],
          [
            -23.215203,
            15.243971
          ],
          [
            -23.215195,
            15.24393
          ],
          [
            -23.215202,
            15.243874
          ],
          [
            -23.215213,
            15.243808
          ],
          [
            -23.215235,
            15.24364
          ],
          [
            -23.215259,
            15.243553
          ],
          [
            -23.21527,
            15.243465
          ],
          [
            -23.215272,
            15.243379
          ],
          [
            -23.215234,
            15.243317
          ],
          [
            -23.215205,
            15.243283
          ],
          [
            -23.21516,
            15.243253
          ],
          [
            -23.215121,
            15.243225
          ],
          [
            -23.215107,
            15.2432
          ],
          [
            -23.215083,
            15.243172
          ],
          [
            -23.215058,
            15.243138
          ],
          [
            -23.21503,
            15.243118
          ],
          [
            -23.215003,
            15.243112
          ],
          [
            -23.21492,
            15.24311
          ],
          [
            -23.214846,
            15.243099
          ],
          [
            -23.214782,
            15.243083
          ],
          [
            -23.214738,
            15.243063
          ],
          [
            -23.214712,
            15.243031
          ],
          [
            -23.214695,
            15.243012
          ],
          [
            -23.214683,
            15.242976
          ],
          [
            -23.214688,
            15.242811
          ],
          [
            -23.214681,
            15.242682
          ],
          [
            -23.214676,
            15.24257
          ],
          [
            -23.214672,
            15.242542
          ],
          [
            -23.214653,
            15.242462
          ],
          [
            -23.214631,
            15.242359
          ],
          [
            -23.214617,
            15.242309
          ],
          [
            -23.214598,
            15.242261
          ],
          [
            -23.214577,
            15.242232
          ],
          [
            -23.214548,
            15.24221
          ],
          [
            -23.214511,
            15.242189
          ],
          [
            -23.21448,
            15.242167
          ],
          [
            -23.214446,
            15.242153
          ],
          [
            -23.214415,
            15.242144
          ],
          [
            -23.214383,
            15.242127
          ],
          [
            -23.214371,
            15.242099
          ],
          [
            -23.21437,
            15.24207
          ],
          [
            -23.214365,
            15.242046
          ],
          [
            -23.214359,
            15.242025
          ],
          [
            -23.214354,
            15.242015
          ],
          [
            -23.214342,
            15.241984
          ],
          [
            -23.214323,
            15.241965
          ],
          [
            -23.214296,
            15.241958
          ],
          [
            -23.21427,
            15.241951
          ],
          [
            -23.214225,
            15.241938
          ],
          [
            -23.214173,
            15.241932
          ],
          [
            -23.214131,
            15.241925
          ],
          [
            -23.214074,
            15.241909
          ],
          [
            -23.214029,
            15.241892
          ],
          [
            -23.214,
            15.241878
          ],
          [
            -23.213957,
            15.241851
          ],
          [
            -23.213911,
            15.241831
          ],
          [
            -23.213853,
            15.241821
          ],
          [
            -23.213809,
            15.241815
          ],
          [
            -23.213772,
            15.241811
          ],
          [
            -23.213744,
            15.241811
          ],
          [
            -23.213726,
            15.241811
          ],
          [
            -23.213722,
            15.241811
          ],
          [
            -23.213653,
            15.24184
          ],
          [
            -23.213607,
            15.241867
          ],
          [
            -23.213583,
            15.241878
          ],
          [
            -23.21356,
            15.241884
          ],
          [
            -23.213492,
            15.241883
          ],
          [
            -23.213465,
            15.241878
          ],
          [
            -23.213439,
            15.241877
          ],
          [
            -23.213422,
            15.241878
          ],
          [
            -23.213394,
            15.241877
          ],
          [
            -23.213364,
            15.241883
          ],
          [
            -23.213354,
            15.241887
          ],
          [
            -23.213292,
            15.241911
          ],
          [
            -23.213234,
            15.241926
          ],
          [
            -23.213171,
            15.241927
          ],
          [
            -23.213125,
            15.241934
          ],
          [
            -23.213085,
            15.241941
          ],
          [
            -23.213046,
            15.241959
          ],
          [
            -23.213008,
            15.241979
          ],
          [
            -23.212974,
            15.241993
          ],
          [
            -23.212936,
            15.242019
          ],
          [
            -23.212914,
            15.24204
          ],
          [
            -23.2129,
            15.242061
          ],
          [
            -23.212887,
            15.242081
          ],
          [
            -23.212861,
            15.242131
          ],
          [
            -23.212846,
            15.24217
          ],
          [
            -23.212836,
            15.242203
          ],
          [
            -23.212808,
            15.242232
          ],
          [
            -23.212792,
            15.242255
          ],
          [
            -23.212775,
            15.242282
          ],
          [
            -23.212761,
            15.242308
          ],
          [
            -23.212748,
            15.242334
          ],
          [
            -23.212736,
            15.24235
          ],
          [
            -23.212722,
            15.242371
          ],
          [
            -23.212704,
            15.242399
          ],
          [
            -23.212693,
            15.242419
          ],
          [
            -23.212683,
            15.242439
          ],
          [
            -23.212676,
            15.242454
          ],
          [
            -23.212665,
            15.242533
          ],
          [
            -23.212667,
            15.242566
          ],
          [
            -23.212652,
            15.24259
          ],
          [
            -23.212621,
            15.242611
          ],
          [
            -23.21259,
            15.242621
          ],
          [
            -23.212556,
            15.24263
          ],
          [
            -23.212525,
            15.242645
          ],
          [
            -23.212482,
            15.242673
          ],
          [
            -23.212459,
            15.242682
          ],
          [
            -23.212441,
            15.242695
          ],
          [
            -23.212422,
            15.242713
          ],
          [
            -23.212407,
            15.242731
          ],
          [
            -23.2124,
            15.242742
          ],
          [
            -23.212335,
            15.242831
          ],
          [
            -23.212289,
            15.242884
          ],
          [
            -23.212266,
            15.242911
          ],
          [
            -23.212232,
            15.242939
          ],
          [
            -23.212198,
            15.242963
          ],
          [
            -23.212179,
            15.242971
          ],
          [
            -23.212175,
            15.242971
          ],
          [
            -23.212092,
            15.242992
          ],
          [
            -23.212059,
            15.243005
          ],
          [
            -23.212034,
            15.243022
          ],
          [
            -23.21201,
            15.243049
          ],
          [
            -23.211996,
            15.243056
          ],
          [
            -23.211984,
            15.243061
          ],
          [
            -23.211932,
            15.243072
          ],
          [
            -23.211931,
            15.243072
          ],
          [
            -23.211891,
            15.243108
          ],
          [
            -23.211887,
            15.243129
          ],
          [
            -23.211885,
            15.243171
          ],
          [
            -23.211884,
            15.243186
          ],
          [
            -23.211883,
            15.243201
          ],
          [
            -23.211882,
            15.243234
          ],
          [
            -23.211877,
            15.243247
          ],
          [
            -23.211857,
            15.243263
          ],
          [
            -23.211831,
            15.243271
          ],
          [
            -23.211804,
            15.243276
          ],
          [
            -23.211781,
            15.243282
          ],
          [
            -23.211753,
            15.243287
          ],
          [
            -23.21173,
            15.243288
          ],
          [
            -23.211706,
            15.24329
          ],
          [
            -23.211678,
            15.243292
          ],
          [
            -23.211662,
            15.243293
          ],
          [
            -23.211633,
            15.243292
          ],
          [
            -23.211623,
            15.243291
          ],
          [
            -23.211555,
            15.243283
          ],
          [
            -23.211534,
            15.243273
          ],
          [
            -23.211486,
            15.243259
          ],
          [
            -23.211471,
            15.243252
          ],
          [
            -23.211455,
            15.243246
          ],
          [
            -23.211443,
            15.243242
          ],
          [
            -23.211438,
            15.243239
          ],
          [
            -23.211382,
            15.243209
          ],
          [
            -23.211343,
            15.243196
          ],
          [
            -23.211336,
            15.243192
          ],
          [
            -23.211331,
            15.243189
          ],
          [
            -23.211205,
            15.243138
          ],
          [
            -23.21115,
            15.243124
          ],
          [
            -23.211119,
            15.243124
          ],
          [
            -23.211098,
            15.243125
          ],
          [
            -23.211068,
            15.243124
          ],
          [
            -23.211023,
            15.243125
          ],
          [
            -23.211001,
            15.243132
          ],
          [
            -23.210988,
            15.243134
          ],
          [
            -23.210921,
            15.243146
          ],
          [
            -23.210854,
            15.243142
          ],
          [
            -23.210827,
            15.243135
          ],
          [
            -23.210816,
            15.243129
          ],
          [
            -23.210767,
            15.243098
          ],
          [
            -23.210744,
            15.243082
          ],
          [
            -23.210733,
            15.243075
          ],
          [
            -23.210724,
            15.243069
          ],
          [
            -23.21072,
            15.243067
          ],
          [
            -23.210707,
            15.243059
          ],
          [
            -23.210704,
            15.243058
          ],
          [
            -23.210699,
            15.243057
          ],
          [
            -23.210698,
            15.243056
          ],
          [
            -23.210696,
            15.243056
          ]
        ]
      }
    }
  ]
}
